CMPLNT_NUM,ADDR_PCT_CD,BORO_NM,CMPLNT_FR_DT,CMPLNT_FR_TM,CMPLNT_TO_DT,CMPLNT_TO_TM,CRM_ATPT_CPTD_CD,HADEVELOPT,HOUSING_PSA,JURISDICTION_CODE,JURIS_DESC,KY_CD,LAW_CAT_CD,LOC_OF_OCCUR_DESC,OFNS_DESC,PARKS_NM,PATROL_BORO,PD_CD,PD_DESC,PREM_TYP_DESC,RPT_DT,STATION_NAME,SUSP_AGE_GROUP,SUSP_RACE,SUSP_SEX,TRANSIT_DISTRICT,VIC_AGE_GROUP,VIC_RACE,VIC_SEX,X_COORD_CD,Y_COORD_CD,Latitude,Longitude,Lat_Lon
981432964,105,QUEENS,05/24/2018,12:00:00,,,COMPLETED,,,0.0,N.Y. POLICE DEPT,113,FELONY,INSIDE,FORGERY,,PATROL BORO QUEENS SOUTH,729.0,"FORGERY,ETC.,UNCLASSIFIED-FELO",MAILBOX OUTSIDE,02/12/2020,,UNKNOWN,UNKNOWN,U,,45-64,WHITE,F,1056840,205482,40.730387667000045,-73.73808927199997,"(40.73038766700005, -73.73808927199997)"
358551291,84,BROOKLYN,11/01/2018,08:00:00,11/30/2019,16:00:00,COMPLETED,,,0.0,N.Y. POLICE DEPT,109,FELONY,INSIDE,GRAND LARCENY,,PATROL BORO BKLYN NORTH,420.0,"LARCENY,GRAND BY OPEN/COMPROMISE CELL PHONE ACCT",RESIDENCE - APT. HOUSE,03/18/2020,,,,,,25-44,WHITE,F,984377,191776,40.69306580400007,-73.99954347299997,"(40.69306580400007, -73.99954347299997)"
151755406,88,BROOKLYN,12/28/2018,17:00:00,03/31/2020,17:12:00,COMPLETED,,,0.0,N.Y. POLICE DEPT,344,MISDEMEANOR,INSIDE,ASSAULT 3 & RELATED OFFENSES,,PATROL BORO BKLYN NORTH,101.0,ASSAULT 3,RESIDENCE - APT. HOUSE,03/31/2020,,25-44,BLACK,M,,25-44,WHITE,F,992826,192283,40.69445324900005,-73.96907507999998,"(40.69445324900005, -73.96907507999998)"
625737137,41,BRONX,10/01/2018,07:00:00,11/08/2019,15:00:00,COMPLETED,,,0.0,N.Y. POLICE DEPT,233,MISDEMEANOR,INSIDE,SEX CRIMES,,PATROL BORO BRONX,175.0,"SEXUAL ABUSE 3,2",PUBLIC SCHOOL,03/18/2020,,,,,,18-24,BLACK,F,1013232,236725,40.816391847000034,-73.89529641399997,"(40.816391847000034, -73.89529641399997)"
899799765,23,MANHATTAN,04/01/2018,00:00:00,04/01/2018,00:00:00,COMPLETED,,672.0,2.0,N.Y. HOUSING POLICE,112,FELONY,INSIDE,THEFT-FRAUD,,PATROL BORO MAN NORTH,739.0,"FRAUD,UNCLASSIFIED-FELONY",RESIDENCE - PUBLIC HOUSING,03/25/2020,,UNKNOWN,UNKNOWN,U,,25-44,BLACK,F,999243,227082,40.78995927500005,-73.94585684099997,"(40.78995927500005, -73.94585684099997)"
756125897,77,BROOKLYN,08/01/2018,12:00:00,,,COMPLETED,,,0.0,N.Y. POLICE DEPT,113,FELONY,INSIDE,FORGERY,,PATROL BORO BKLYN NORTH,729.0,"FORGERY,ETC.,UNCLASSIFIED-FELO",COMMERCIAL BUILDING,03/24/2020,,UNKNOWN,UNKNOWN,M,,25-44,BLACK,F,1003437,184082,40.67192673300008,-73.93083355499994,"(40.67192673300008, -73.93083355499994)"
764855040,19,MANHATTAN,06/08/2018,00:01:00,12/18/2019,23:35:00,COMPLETED,,,0.0,N.Y. POLICE DEPT,341,MISDEMEANOR,INSIDE,PETIT LARCENY,,PATROL BORO MAN NORTH,305.0,"LARCENY,PETIT BY CREDIT CARD U",RESIDENCE - APT. HOUSE,03/18/2020,,,,,,45-64,BLACK,F,998200,224473,40.782799975000046,-73.94962887099996,"(40.782799975000046, -73.94962887099996)"
653762905,40,BRONX,10/01/2018,07:00:00,11/08/2019,15:00:00,COMPLETED,,,0.0,N.Y. POLICE DEPT,233,MISDEMEANOR,INSIDE,SEX CRIMES,,PATROL BORO BRONX,175.0,"SEXUAL ABUSE 3,2",PUBLIC SCHOOL,03/18/2020,,,,,,18-24,BLACK,F,1004926,234532,40.81039601900005,-73.92531074499993,"(40.81039601900005, -73.92531074499993)"
245491004,68,BROOKLYN,03/24/2018,12:00:00,03/24/2018,12:15:00,COMPLETED,,,0.0,N.Y. POLICE DEPT,106,FELONY,,FELONY ASSAULT,,PATROL BORO BKLYN SOUTH,109.0,"ASSAULT 2,1,UNCLASSIFIED",PARK/PLAYGROUND,03/25/2020,,UNKNOWN,WHITE,M,,65+,WHITE,M,978016,172087,40.63902167200007,-74.022463524,"(40.63902167200007, -74.022463524)"
884741586,10,MANHATTAN,12/05/2018,08:00:00,03/30/2020,13:45:00,COMPLETED,,,0.0,N.Y. POLICE DEPT,109,FELONY,INSIDE,GRAND LARCENY,,PATROL BORO MAN SOUTH,439.0,"LARCENY,GRAND FROM OPEN AREAS, UNATTENDED",CONSTRUCTION SITE,03/30/2020,,,,,,UNKNOWN,UNKNOWN,D,984686,209908,40.74283378800004,-73.99842802399995,"(40.74283378800004, -73.99842802399996)"
587446197,41,BRONX,10/01/2018,07:00:00,11/08/2019,15:00:00,COMPLETED,,,0.0,N.Y. POLICE DEPT,578,VIOLATION,INSIDE,HARRASSMENT 2,,PATROL BORO BRONX,638.0,"HARASSMENT,SUBD 3,4,5",PUBLIC SCHOOL,03/18/2020,,,,,,18-24,BLACK,F,1012236,239328,40.82353955600007,-73.89888386599996,"(40.82353955600007, -73.89888386599996)"
109917710,73,BROOKLYN,07/06/2018,18:00:00,07/06/2018,23:12:00,COMPLETED,,,0.0,N.Y. POLICE DEPT,233,MISDEMEANOR,INSIDE,SEX CRIMES,,PATROL BORO BKLYN NORTH,175.0,"SEXUAL ABUSE 3,2",RESIDENCE - APT. HOUSE,03/20/2020,,UNKNOWN,UNKNOWN,U,,<18,BLACK,F,1008276,183623,40.670655072000045,-73.91339091999998,"(40.670655072000045, -73.91339091999998)"
763643354,72,BROOKLYN,05/02/2018,07:55:00,05/02/2018,08:10:00,COMPLETED,,,0.0,N.Y. POLICE DEPT,578,VIOLATION,INSIDE,HARRASSMENT 2,,PATROL BORO BKLYN SOUTH,638.0,"HARASSMENT,SUBD 3,4,5",CHAIN STORE,03/28/2020,,25-44,UNKNOWN,M,,25-44,ASIAN / PACIFIC ISLANDER,F,982919,178074,40.65545678900003,-74.00479842699998,"(40.65545678900003, -74.00479842699998)"
691181168,32,MANHATTAN,05/15/2018,12:00:00,03/23/2020,13:34:00,COMPLETED,,40086.0,2.0,N.Y. HOUSING POLICE,361,MISDEMEANOR,INSIDE,OFF. AGNST PUB ORD SENSBLTY &,,PATROL BORO MAN NORTH,639.0,AGGRAVATED HARASSMENT 2,RESIDENCE - PUBLIC HOUSING,03/23/2020,,25-44,BLACK,M,,25-44,BLACK HISPANIC,F,999874,238251,40.82061401100003,-73.94355210399993,"(40.82061401100003, -73.94355210399993)"
731119418,41,BRONX,10/31/2018,07:00:00,11/08/2019,15:00:00,COMPLETED,,,0.0,N.Y. POLICE DEPT,233,MISDEMEANOR,INSIDE,SEX CRIMES,,PATROL BORO BRONX,175.0,"SEXUAL ABUSE 3,2",PUBLIC SCHOOL,03/18/2020,,,,,,18-24,WHITE HISPANIC,F,1013232,236725,40.816391847000034,-73.89529641399997,"(40.816391847000034, -73.89529641399997)"
956489391,68,BROOKLYN,11/01/2018,21:00:00,12/14/2019,21:00:00,COMPLETED,,,0.0,N.Y. POLICE DEPT,106,FELONY,INSIDE,FELONY ASSAULT,,PATROL BORO BKLYN SOUTH,105.0,STRANGULATION 1ST,RESIDENCE-HOUSE,03/31/2020,,25-44,WHITE,M,,25-44,WHITE HISPANIC,F,978016,172087,40.63902167200007,-74.022463524,"(40.63902167200007, -74.022463524)"
509781955,102,QUEENS,12/28/2018,12:00:00,12/28/2018,13:00:00,COMPLETED,,,0.0,N.Y. POLICE DEPT,109,FELONY,,GRAND LARCENY,,PATROL BORO QUEENS SOUTH,437.0,"LARCENY,GRAND BY FALSE PROMISE-IN PERSON CONTACT",STREET,03/12/2020,,25-44,BLACK,M,,UNKNOWN,UNKNOWN,E,1022594,189437,40.686562736000035,-73.86174343099998,"(40.686562736000035, -73.86174343099998)"
650069600,47,BRONX,03/01/2018,00:01:00,05/31/2018,23:59:00,COMPLETED,,,0.0,N.Y. POLICE DEPT,104,FELONY,INSIDE,RAPE,,PATROL BORO BRONX,155.0,RAPE 2,RESIDENCE-HOUSE,03/12/2020,,25-44,BLACK HISPANIC,M,,<18,BLACK,F,1026387,262634,40.88745131300004,-73.84760778699997,"(40.88745131300004, -73.84760778699997)"
969167260,114,QUEENS,12/18/2018,15:00:00,03/02/2020,15:00:00,COMPLETED,,,0.0,N.Y. POLICE DEPT,109,FELONY,INSIDE,GRAND LARCENY,,PATROL BORO QUEENS NORTH,407.0,"LARCENY,GRAND BY DISHONEST EMP",COMMERCIAL BUILDING,03/12/2020,,45-64,BLACK,F,,UNKNOWN,UNKNOWN,D,1008783,221039,40.773351515000044,-73.91142687499998,"(40.77335151500005, -73.91142687499998)"
789882738,17,MANHATTAN,05/30/2018,12:00:00,06/03/2018,12:00:00,COMPLETED,,,0.0,N.Y. POLICE DEPT,109,FELONY,INSIDE,GRAND LARCENY,,PATROL BORO MAN SOUTH,425.0,"LARCENY,GRAND BY BANK ACCT COMPROMISE-ATM TRANSACTION",ATM,03/10/2020,,UNKNOWN,UNKNOWN,U,,UNKNOWN,UNKNOWN,D,992666,215215,40.757396174000064,-73.96962338999998,"(40.757396174000064, -73.96962338999998)"
597117655,77,BROOKLYN,09/25/2018,22:30:00,,,COMPLETED,,365.0,2.0,N.Y. HOUSING POLICE,344,MISDEMEANOR,INSIDE,ASSAULT 3 & RELATED OFFENSES,,PATROL BORO BKLYN NORTH,101.0,ASSAULT 3,RESIDENCE - PUBLIC HOUSING,03/09/2020,,25-44,BLACK,M,,25-44,BLACK,F,1004594,185427,40.675615872000044,-73.92665858699995,"(40.675615872000044, -73.92665858699996)"
773860135,14,MANHATTAN,05/09/2018,15:00:00,05/09/2018,18:00:00,COMPLETED,,,0.0,N.Y. POLICE DEPT,109,FELONY,INSIDE,GRAND LARCENY,,PATROL BORO MAN SOUTH,424.0,"LARCENY,GRAND BY CREDIT CARD ACCT COMPROMISE-EXISTING ACCT",DEPARTMENT STORE,03/15/2020,,,,,,UNKNOWN,UNKNOWN,D,987220,212676,40.750430768000044,-73.98928217599996,"(40.75043076800005, -73.98928217599996)"
472763972,63,BROOKLYN,09/01/2018,09:00:00,10/01/2019,17:40:00,COMPLETED,,,0.0,N.Y. POLICE DEPT,113,FELONY,INSIDE,FORGERY,,PATROL BORO BKLYN SOUTH,729.0,"FORGERY,ETC.,UNCLASSIFIED-FELO",RESIDENCE-HOUSE,03/09/2020,,45-64,WHITE,F,,25-44,WHITE,F,1003906,166020,40.622349428000064,-73.92919546899995,"(40.622349428000064, -73.92919546899996)"
698504916,90,BROOKLYN,05/11/2018,12:00:00,03/06/2020,12:00:00,COMPLETED,,,0.0,N.Y. POLICE DEPT,340,MISDEMEANOR,INSIDE,FRAUDS,,PATROL BORO BKLYN NORTH,718.0,"FRAUD,UNCLASSIFIED-MISDEMEANOR",RESIDENCE-HOUSE,03/08/2020,,UNKNOWN,UNKNOWN,M,,65+,UNKNOWN,M,997120,197678,40.709256058000044,-73.95357995299997,"(40.709256058000044, -73.95357995299997)"
808782696,84,BROOKLYN,06/01/2018,12:00:00,06/01/2019,12:00:00,COMPLETED,,,0.0,N.Y. POLICE DEPT,112,FELONY,INSIDE,THEFT-FRAUD,,PATROL BORO BKLYN NORTH,739.0,"FRAUD,UNCLASSIFIED-FELONY",RESIDENCE - APT. HOUSE,03/08/2020,,,,,,25-44,WHITE,M,988462,191442,40.69214805100006,-73.98481285499997,"(40.69214805100006, -73.98481285499997)"
976504987,60,BROOKLYN,07/03/2018,14:00:00,03/11/2020,11:00:00,COMPLETED,MARLBORO,252.0,2.0,N.Y. HOUSING POLICE,578,VIOLATION,INSIDE,HARRASSMENT 2,,PATROL BORO BKLYN SOUTH,638.0,"HARASSMENT,SUBD 3,4,5",RESIDENCE - PUBLIC HOUSING,03/11/2020,,UNKNOWN,UNKNOWN,U,,25-44,WHITE HISPANIC,F,989305,154752,40.591441428000046,-73.98180045799995,"(40.591441428000046, -73.98180045799995)"
954274011,76,BROOKLYN,01/16/2018,00:00:00,03/06/2020,15:00:00,COMPLETED,GOWANUS,245.0,2.0,N.Y. HOUSING POLICE,112,FELONY,INSIDE,THEFT-FRAUD,,PATROL BORO BKLYN SOUTH,739.0,"FRAUD,UNCLASSIFIED-FELONY",RESIDENCE - PUBLIC HOUSING,03/16/2020,,UNKNOWN,UNKNOWN,U,,18-24,BLACK,M,987560,187813,40.68218765900008,-73.98806727499993,"(40.68218765900008, -73.98806727499993)"
533625332,103,QUEENS,01/01/2018,00:01:00,12/31/2018,23:59:00,ATTEMPTED,,,0.0,N.Y. POLICE DEPT,233,MISDEMEANOR,INSIDE,SEX CRIMES,,PATROL BORO QUEENS SOUTH,175.0,"SEXUAL ABUSE 3,2",RESIDENCE - APT. HOUSE,03/10/2020,,,,,,<18,UNKNOWN,F,1041749,196938,40.707047475000024,-73.79261190399995,"(40.70704747500002, -73.79261190399995)"
918961337,1,MANHATTAN,11/25/2018,02:00:00,11/25/2018,07:00:00,COMPLETED,,,0.0,N.Y. POLICE DEPT,104,FELONY,INSIDE,RAPE,,PATROL BORO MAN SOUTH,157.0,RAPE 1,RESIDENCE - APT. HOUSE,03/12/2020,,25-44,WHITE,M,,25-44,WHITE,F,982285,201682,40.72025522300004,-74.00709027999993,"(40.72025522300004, -74.00709027999993)"
137358709,75,BROOKLYN,06/14/2018,10:00:00,03/15/2020,00:00:00,COMPLETED,BOULEVARD,334.0,2.0,N.Y. HOUSING POLICE,340,MISDEMEANOR,FRONT OF,FRAUDS,,PATROL BORO BKLYN NORTH,770.0,COMPUTER UNAUTH. USE/TAMPER,RESIDENCE - PUBLIC HOUSING,03/15/2020,,,,,,25-44,UNKNOWN,F,1016586,179940,40.66051961000005,-73.88345217399994,"(40.66051961000005, -73.88345217399994)"
657215633,20,MANHATTAN,08/09/2018,04:30:00,08/09/2018,05:00:00,COMPLETED,,,0.0,N.Y. POLICE DEPT,233,MISDEMEANOR,INSIDE,SEX CRIMES,,PATROL BORO MAN NORTH,175.0,"SEXUAL ABUSE 3,2",RESIDENCE - APT. HOUSE,03/13/2020,,UNKNOWN,WHITE,M,,25-44,WHITE HISPANIC,F,991168,224929,40.784059874000036,-73.97502051299993,"(40.784059874000036, -73.97502051299993)"
848720761,19,MANHATTAN,06/10/2018,01:30:00,06/10/2018,10:00:00,COMPLETED,,,0.0,N.Y. POLICE DEPT,233,MISDEMEANOR,INSIDE,SEX CRIMES,,PATROL BORO MAN NORTH,175.0,"SEXUAL ABUSE 3,2",RESIDENCE - APT. HOUSE,03/13/2020,,UNKNOWN,WHITE,U,,25-44,WHITE HISPANIC,F,994276,218779,40.76717676000004,-73.96380668299997,"(40.76717676000004, -73.96380668299997)"
515947196,105,QUEENS,11/16/2018,12:00:00,03/15/2020,21:00:00,COMPLETED,,,0.0,N.Y. POLICE DEPT,112,FELONY,INSIDE,THEFT-FRAUD,,PATROL BORO QUEENS SOUTH,739.0,"FRAUD,UNCLASSIFIED-FELONY",RESIDENCE-HOUSE,03/16/2020,,,,,,65+,WHITE,F,1063426,216051,40.759340278000025,-73.71420205399994,"(40.759340278000025, -73.71420205399994)"
979910265,114,QUEENS,11/20/2018,21:00:00,03/05/2020,15:00:00,COMPLETED,,,0.0,N.Y. POLICE DEPT,116,FELONY,INSIDE,SEX CRIMES,,PATROL BORO QUEENS NORTH,168.0,SODOMY 1,RESIDENCE - APT. HOUSE,03/14/2020,,UNKNOWN,UNKNOWN,U,,25-44,WHITE,F,1007654,219564,40.76930608700008,-73.91550817999997,"(40.76930608700008, -73.91550817999997)"
443092900,109,QUEENS,01/06/2018,20:00:00,01/06/2018,20:00:00,COMPLETED,,,0.0,N.Y. POLICE DEPT,106,FELONY,INSIDE,FELONY ASSAULT,,PATROL BORO QUEENS NORTH,109.0,"ASSAULT 2,1,UNCLASSIFIED",RESIDENCE-HOUSE,03/17/2020,,45-64,WHITE,F,,45-64,WHITE,M,1032198,217060,40.76233421800004,-73.82691730799998,"(40.76233421800004, -73.82691730799998)"
684497392,109,QUEENS,10/14/2018,21:30:00,,,COMPLETED,,,0.0,N.Y. POLICE DEPT,106,FELONY,INSIDE,FELONY ASSAULT,,PATROL BORO QUEENS NORTH,109.0,"ASSAULT 2,1,UNCLASSIFIED",RESIDENCE-HOUSE,03/15/2020,,45-64,WHITE,F,,45-64,WHITE,M,1032198,217060,40.76233421800004,-73.82691730799998,"(40.76233421800004, -73.82691730799998)"
548464910,23,MANHATTAN,07/24/2018,00:05:00,09/13/2019,10:14:00,COMPLETED,,,0.0,N.Y. POLICE DEPT,361,MISDEMEANOR,INSIDE,OFF. AGNST PUB ORD SENSBLTY &,,PATROL BORO MAN NORTH,639.0,AGGRAVATED HARASSMENT 2,RESIDENCE - APT. HOUSE,03/12/2020,,UNKNOWN,WHITE HISPANIC,M,,18-24,WHITE,F,998418,226641,40.788750209000064,-73.94883711499993,"(40.78875020900006, -73.94883711499993)"
227075925,62,BROOKLYN,11/01/2018,12:00:00,11/04/2018,12:00:00,COMPLETED,,,0.0,N.Y. POLICE DEPT,341,MISDEMEANOR,INSIDE,PETIT LARCENY,,PATROL BORO BKLYN SOUTH,349.0,"LARCENY,PETIT OF LICENSE PLATE",RESIDENCE - APT. HOUSE,02/28/2020,,,,,,25-44,AMERICAN INDIAN/ALASKAN NATIVE,M,987120,160670,40.60768611900005,-73.98966523299998,"(40.60768611900005, -73.98966523299998)"
473746689,44,BRONX,12/21/2018,13:00:00,01/15/2020,12:00:00,COMPLETED,,,0.0,N.Y. POLICE DEPT,109,FELONY,INSIDE,GRAND LARCENY,,PATROL BORO BRONX,407.0,"LARCENY,GRAND BY DISHONEST EMP",BEAUTY & NAIL SALON,03/02/2020,,25-44,WHITE HISPANIC,F,,UNKNOWN,UNKNOWN,D,1007116,240779,40.82753687500008,-73.91737823199999,"(40.82753687500008, -73.91737823199998)"
237383017,20,MANHATTAN,06/26/2018,00:01:00,06/28/2018,23:59:00,COMPLETED,,,0.0,N.Y. POLICE DEPT,109,FELONY,INSIDE,GRAND LARCENY,,PATROL BORO MAN NORTH,430.0,"LARCENY,GRAND BY BANK ACCT COMPROMISE-UNCLASSIFIED",RESIDENCE - APT. HOUSE,03/06/2020,,,,,,65+,WHITE,M,990708,221712,40.77523040600005,-73.97668466699997,"(40.77523040600005, -73.97668466699997)"
283048613,105,QUEENS,10/09/2018,00:00:00,03/01/2020,19:00:00,COMPLETED,,,0.0,N.Y. POLICE DEPT,340,MISDEMEANOR,INSIDE,FRAUDS,,PATROL BORO QUEENS SOUTH,718.0,"FRAUD,UNCLASSIFIED-MISDEMEANOR",RESIDENCE-HOUSE,03/03/2020,,,,,,45-64,BLACK,M,1059330,183379,40.66969959400007,-73.72935155199998,"(40.66969959400007, -73.72935155199998)"
509840290,18,MANHATTAN,06/02/2018,12:00:00,03/01/2020,12:00:00,COMPLETED,,,0.0,N.Y. POLICE DEPT,109,FELONY,INSIDE,GRAND LARCENY,,PATROL BORO MAN SOUTH,407.0,"LARCENY,GRAND BY DISHONEST EMP",COMMERCIAL BUILDING,03/05/2020,,,,,,UNKNOWN,UNKNOWN,D,991014,217494,40.76365286300006,-73.97558408999998,"(40.76365286300006, -73.97558408999998)"
769109011,14,MANHATTAN,03/29/2018,15:00:00,03/03/2020,12:23:00,COMPLETED,,,0.0,N.Y. POLICE DEPT,361,MISDEMEANOR,INSIDE,OFF. AGNST PUB ORD SENSBLTY &,,PATROL BORO MAN SOUTH,639.0,AGGRAVATED HARASSMENT 2,CLOTHING/BOUTIQUE,03/03/2020,,UNKNOWN,UNKNOWN,U,,25-44,WHITE HISPANIC,M,987655,212901,40.751048180000055,-73.98771206699999,"(40.751048180000055, -73.98771206699998)"
994180402,49,BRONX,10/12/2018,15:40:00,11/26/2018,19:00:00,COMPLETED,,,0.0,N.Y. POLICE DEPT,109,FELONY,INSIDE,GRAND LARCENY,,PATROL BORO BRONX,412.0,"LARCENY,GRAND FROM RESIDENCE, UNATTENDED",RESIDENCE-HOUSE,03/02/2020,,25-44,WHITE,M,,65+,WHITE,M,1023800,248650,40.849081512000055,-73.85704650899999,"(40.849081512000055, -73.85704650899999)"
172595662,48,BRONX,03/01/2018,00:00:00,12/01/2019,00:00:00,COMPLETED,,41665.0,2.0,N.Y. HOUSING POLICE,344,MISDEMEANOR,INSIDE,ASSAULT 3 & RELATED OFFENSES,,PATROL BORO BRONX,101.0,ASSAULT 3,RESIDENCE - PUBLIC HOUSING,02/28/2020,,18-24,WHITE HISPANIC,M,,18-24,WHITE HISPANIC,F,1017483,245763,40.841183585000074,-73.87989381599994,"(40.841183585000074, -73.87989381599994)"
719559090,34,MANHATTAN,12/23/2018,16:30:00,12/23/2018,17:00:00,COMPLETED,,,1.0,N.Y. TRANSIT POLICE,341,MISDEMEANOR,,PETIT LARCENY,,PATROL BORO MAN NORTH,339.0,"LARCENY,PETIT FROM OPEN AREAS,",TRANSIT - NYC SUBWAY,03/02/2020,200 ST.-DYCKMAN ST.,UNKNOWN,UNKNOWN,U,3.0,18-24,WHITE HISPANIC,F,1005074,253173,40.86155981300004,-73.92471823499993,"(40.86155981300004, -73.92471823499993)"
521558628,14,MANHATTAN,03/15/2018,18:00:00,,,COMPLETED,,,0.0,N.Y. POLICE DEPT,112,FELONY,INSIDE,THEFT-FRAUD,,PATROL BORO MAN SOUTH,739.0,"FRAUD,UNCLASSIFIED-FELONY",RESIDENCE - APT. HOUSE,02/29/2020,,,,,,25-44,WHITE,M,988236,212430,40.749755161000046,-73.98561539199994,"(40.749755161000046, -73.98561539199994)"
512486290,61,BROOKLYN,11/18/2018,15:00:00,11/18/2018,16:00:00,COMPLETED,,,0.0,N.Y. POLICE DEPT,578,VIOLATION,,HARRASSMENT 2,,PATROL BORO BKLYN SOUTH,638.0,"HARASSMENT,SUBD 3,4,5",STREET,02/28/2020,,,,,,<18,ASIAN / PACIFIC ISLANDER,F,999607,159649,40.604870842000025,-73.94469605699999,"(40.604870842000025, -73.94469605699999)"
735056516,9,MANHATTAN,06/21/2018,00:01:00,03/05/2020,07:00:00,COMPLETED,CAMPOS PLAZA I,,0.0,N.Y. POLICE DEPT,116,FELONY,INSIDE,SEX CRIMES,,PATROL BORO MAN SOUTH,168.0,SODOMY 1,RESIDENCE - APT. HOUSE,03/05/2020,,25-44,BLACK,M,,18-24,BLACK HISPANIC,M,987624,203977,40.72655401900005,-73.98782842699995,"(40.72655401900005, -73.98782842699995)"
854400277,25,MANHATTAN,10/30/2018,12:00:00,03/04/2020,11:00:00,COMPLETED,,,0.0,N.Y. POLICE DEPT,112,FELONY,INSIDE,THEFT-FRAUD,,PATROL BORO MAN NORTH,739.0,"FRAUD,UNCLASSIFIED-FELONY",RESIDENCE - APT. HOUSE,03/04/2020,,UNKNOWN,UNKNOWN,U,,25-44,WHITE HISPANIC,M,1002864,230116,40.79827989900008,-73.93277182499997,"(40.79827989900008, -73.93277182499997)"
728566036,108,QUEENS,09/01/2018,00:00:00,02/28/2020,11:20:00,COMPLETED,,,0.0,N.Y. POLICE DEPT,351,MISDEMEANOR,,CRIMINAL MISCHIEF & RELATED OF,,PATROL BORO QUEENS NORTH,258.0,"CRIMINAL MISCHIEF 4TH, GRAFFIT",HIGHWAY/PARKWAY,02/28/2020,,,,,,UNKNOWN,UNKNOWN,E,1005571,207295,40.73563606600004,-73.92306713599999,"(40.73563606600004, -73.92306713599999)"
690636021,7,MANHATTAN,06/01/2018,00:01:00,08/31/2019,23:59:00,COMPLETED,,,0.0,N.Y. POLICE DEPT,233,MISDEMEANOR,INSIDE,SEX CRIMES,,PATROL BORO MAN SOUTH,170.0,"SEXUAL MISCONDUCT,INTERCOURSE",RESIDENCE - APT. HOUSE,03/02/2020,,UNKNOWN,UNKNOWN,M,,<18,WHITE,F,988708,200317,40.71650772200008,-73.98391989899994,"(40.71650772200008, -73.98391989899994)"
813164619,75,BROOKLYN,07/12/2018,00:01:00,08/20/2018,23:59:00,COMPLETED,,,0.0,N.Y. POLICE DEPT,109,FELONY,INSIDE,GRAND LARCENY,,PATROL BORO BKLYN NORTH,432.0,"LARCENY,GRAND BY IDENTITY THEFT-UNCLASSIFIED",RESIDENCE-HOUSE,02/29/2020,,,,,,45-64,BLACK,M,1015117,179889,40.66038486900004,-73.88874714699995,"(40.66038486900004, -73.88874714699995)"
402531748,71,BROOKLYN,09/02/2018,15:42:00,09/08/2018,18:24:00,COMPLETED,,,0.0,N.Y. POLICE DEPT,109,FELONY,INSIDE,GRAND LARCENY,,PATROL BORO BKLYN SOUTH,403.0,"LARCENY,GRAND BY BANK ACCT COMPROMISE-REPRODUCED CHECK",CHECK CASHING BUSINESS,03/05/2020,,18-24,BLACK HISPANIC,F,,UNKNOWN,UNKNOWN,D,995410,177999,40.65524400000004,-73.95978043099996,"(40.65524400000004, -73.95978043099996)"
673880984,46,BRONX,12/01/2018,00:00:00,01/31/2019,23:59:00,COMPLETED,,,0.0,N.Y. POLICE DEPT,233,MISDEMEANOR,INSIDE,SEX CRIMES,,PATROL BORO BRONX,170.0,"SEXUAL MISCONDUCT,INTERCOURSE",RESIDENCE - APT. HOUSE,02/29/2020,,<18,BLACK,M,,<18,BLACK,F,1011881,250411,40.85396027400003,-73.90012087499997,"(40.85396027400003, -73.90012087499997)"
900954944,115,QUEENS,10/12/2018,06:30:00,10/12/2018,10:30:00,COMPLETED,,,0.0,N.Y. POLICE DEPT,116,FELONY,INSIDE,SEX CRIMES,,PATROL BORO QUEENS NORTH,594.0,OBSCENITY 1,RESIDENCE-HOUSE,03/04/2020,,25-44,ASIAN / PACIFIC ISLANDER,M,,UNKNOWN,UNKNOWN,E,1018699,215043,40.75686097700003,-73.87565666399995,"(40.75686097700003, -73.87565666399996)"
446439777,10,MANHATTAN,11/10/2018,00:01:00,12/16/2019,23:59:00,COMPLETED,,,0.0,N.Y. POLICE DEPT,109,FELONY,INSIDE,GRAND LARCENY,,PATROL BORO MAN SOUTH,422.0,"LARCENY,GRAND BY OPEN CREDIT CARD (NEW ACCT)",RESIDENCE - APT. HOUSE,03/03/2020,,,,,,25-44,WHITE,F,985541,216329,40.76045773000004,-73.99534129299997,"(40.76045773000004, -73.99534129299997)"
214884996,103,QUEENS,01/01/2018,00:01:00,03/05/2020,23:59:00,COMPLETED,,,0.0,N.Y. POLICE DEPT,233,MISDEMEANOR,INSIDE,SEX CRIMES,,PATROL BORO QUEENS SOUTH,175.0,"SEXUAL ABUSE 3,2",RESIDENCE - APT. HOUSE,03/05/2020,,UNKNOWN,WHITE HISPANIC,F,,<18,WHITE HISPANIC,F,1041749,196938,40.707047475000024,-73.79261190399995,"(40.70704747500002, -73.79261190399995)"
162474753,10,MANHATTAN,08/28/2018,03:30:00,08/28/2018,08:00:00,COMPLETED,,,0.0,N.Y. POLICE DEPT,233,MISDEMEANOR,INSIDE,SEX CRIMES,,PATROL BORO MAN SOUTH,175.0,"SEXUAL ABUSE 3,2",HOTEL/MOTEL,03/06/2020,,45-64,WHITE,M,,25-44,WHITE,F,984623,209859,40.74269929900004,-73.99865537999993,"(40.74269929900004, -73.99865537999993)"
259145798,1,MANHATTAN,03/20/2018,00:01:00,03/02/2020,19:26:00,COMPLETED,,,0.0,N.Y. POLICE DEPT,341,MISDEMEANOR,INSIDE,PETIT LARCENY,,PATROL BORO MAN SOUTH,349.0,"LARCENY,PETIT OF LICENSE PLATE",COMMERCIAL BUILDING,03/02/2020,,,,,,25-44,WHITE,M,980182,196293,40.70546298200002,-74.01467369799997,"(40.70546298200002, -74.01467369799997)"
779332606,49,BRONX,10/10/2018,15:36:00,02/17/2019,19:30:00,COMPLETED,,,0.0,N.Y. POLICE DEPT,109,FELONY,INSIDE,GRAND LARCENY,,PATROL BORO BRONX,432.0,"LARCENY,GRAND BY IDENTITY THEFT-UNCLASSIFIED",RESIDENCE-HOUSE,03/03/2020,,25-44,WHITE HISPANIC,F,,65+,WHITE HISPANIC,F,1022537,247015,40.844599490000064,-73.86162099799998,"(40.844599490000064, -73.86162099799998)"
457239203,69,BROOKLYN,05/01/2018,08:00:00,02/09/2020,08:00:00,COMPLETED,BREUKELEN,227.0,2.0,N.Y. HOUSING POLICE,109,FELONY,INSIDE,GRAND LARCENY,,PATROL BORO BKLYN SOUTH,422.0,"LARCENY,GRAND BY OPEN CREDIT CARD (NEW ACCT)",RESIDENCE - PUBLIC HOUSING,03/07/2020,,,,,,25-44,BLACK,M,1014211,176368,40.65072361200004,-73.89202829099996,"(40.65072361200004, -73.89202829099996)"
239957353,121,STATEN ISLAND,09/11/2018,07:00:00,11/14/2018,07:00:00,COMPLETED,,,0.0,N.Y. POLICE DEPT,340,MISDEMEANOR,INSIDE,FRAUDS,,PATROL BORO STATEN ISLAND,718.0,"FRAUD,UNCLASSIFIED-MISDEMEANOR",RESIDENCE-HOUSE,02/28/2020,,UNKNOWN,UNKNOWN,U,,45-64,WHITE HISPANIC,M,942540,164821,40.61898203900005,-74.15024407599998,"(40.61898203900005, -74.15024407599998)"
590569428,111,QUEENS,09/01/2018,00:01:00,,,COMPLETED,,,0.0,N.Y. POLICE DEPT,233,MISDEMEANOR,INSIDE,SEX CRIMES,,PATROL BORO QUEENS NORTH,170.0,"SEXUAL MISCONDUCT,INTERCOURSE",RESIDENCE-HOUSE,03/04/2020,,UNKNOWN,UNKNOWN,M,,<18,UNKNOWN,F,1048565,216315,40.76018547900002,-73.76784258499998,"(40.76018547900002, -73.76784258499998)"
714243569,69,BROOKLYN,01/01/2018,08:00:00,12/31/2018,23:59:00,COMPLETED,BREUKELEN,227.0,2.0,N.Y. HOUSING POLICE,104,FELONY,INSIDE,RAPE,,PATROL BORO BKLYN SOUTH,157.0,RAPE 1,RESIDENCE - PUBLIC HOUSING,03/05/2020,,UNKNOWN,UNKNOWN,U,,<18,UNKNOWN,F,1010641,175525,40.64842111900003,-73.90489710899999,"(40.64842111900003, -73.90489710899999)"
875007148,13,MANHATTAN,01/30/2018,00:01:00,01/30/2018,23:59:00,COMPLETED,,,0.0,N.Y. POLICE DEPT,233,MISDEMEANOR,INSIDE,SEX CRIMES,,PATROL BORO MAN SOUTH,175.0,"SEXUAL ABUSE 3,2",HOTEL/MOTEL,02/19/2020,,UNKNOWN,WHITE HISPANIC,M,,25-44,WHITE,F,988874,207673,40.736698070000045,-73.98331602599995,"(40.736698070000045, -73.98331602599995)"
823724098,19,MANHATTAN,04/20/2018,12:00:00,02/12/2020,12:00:00,COMPLETED,,44728.0,2.0,N.Y. HOUSING POLICE,578,VIOLATION,INSIDE,HARRASSMENT 2,,PATROL BORO MAN NORTH,638.0,"HARASSMENT,SUBD 3,4,5",RESIDENCE - PUBLIC HOUSING,02/23/2020,,25-44,WHITE,M,,25-44,WHITE HISPANIC,F,999105,223822,40.78101167800003,-73.94636241199998,"(40.78101167800003, -73.94636241199998)"
730081196,62,BROOKLYN,03/15/2018,00:00:00,10/09/2019,00:00:00,COMPLETED,,,0.0,N.Y. POLICE DEPT,126,FELONY,INSIDE,MISCELLANEOUS PENAL LAW,,PATROL BORO BKLYN SOUTH,697.0,USE OF A CHILD IN A SEXUAL PER,RESIDENCE - APT. HOUSE,02/25/2020,,<18,ASIAN / PACIFIC ISLANDER,M,,<18,WHITE,M,983393,158818,40.60260317900003,-74.00308766099994,"(40.60260317900003, -74.00308766099994)"
964785798,52,BRONX,11/10/2018,16:00:00,,,COMPLETED,,,0.0,N.Y. POLICE DEPT,109,FELONY,INSIDE,GRAND LARCENY,,PATROL BORO BRONX,432.0,"LARCENY,GRAND BY IDENTITY THEFT-UNCLASSIFIED",RESIDENCE - APT. HOUSE,02/24/2020,,,,,,25-44,BLACK HISPANIC,M,1016398,256004,40.86929607100007,-73.88376600799995,"(40.86929607100007, -73.88376600799995)"
875053149,75,BROOKLYN,10/01/2018,09:00:00,01/07/2020,10:00:00,COMPLETED,,,0.0,N.Y. POLICE DEPT,109,FELONY,INSIDE,GRAND LARCENY,,PATROL BORO BKLYN NORTH,422.0,"LARCENY,GRAND BY OPEN CREDIT CARD (NEW ACCT)",RESIDENCE - APT. HOUSE,02/19/2020,,UNKNOWN,UNKNOWN,U,,25-44,WHITE HISPANIC,F,1017107,182745,40.66821679000003,-73.88156065699997,"(40.66821679000003, -73.88156065699997)"
432713659,108,QUEENS,09/01/2018,00:00:00,02/19/2020,16:40:00,COMPLETED,,,0.0,N.Y. POLICE DEPT,351,MISDEMEANOR,REAR OF,CRIMINAL MISCHIEF & RELATED OF,,PATROL BORO QUEENS NORTH,258.0,"CRIMINAL MISCHIEF 4TH, GRAFFIT",RESIDENCE - APT. HOUSE,02/20/2020,,,,,,UNKNOWN,UNKNOWN,E,1002001,207398,40.735926660000075,-73.93594878299997,"(40.735926660000075, -73.93594878299997)"
876495970,13,MANHATTAN,06/01/2018,12:00:00,,,COMPLETED,,,0.0,N.Y. POLICE DEPT,109,FELONY,INSIDE,GRAND LARCENY,,PATROL BORO MAN SOUTH,422.0,"LARCENY,GRAND BY OPEN CREDIT CARD (NEW ACCT)",RESIDENCE - APT. HOUSE,02/21/2020,,UNKNOWN,UNKNOWN,M,,25-44,WHITE HISPANIC,M,989738,209197,40.74088057900008,-73.98019709199998,"(40.74088057900008, -73.98019709199998)"
171187623,43,BRONX,11/15/2018,16:00:00,02/26/2020,12:05:00,COMPLETED,,,0.0,N.Y. POLICE DEPT,341,MISDEMEANOR,FRONT OF,PETIT LARCENY,,PATROL BORO BRONX,321.0,"LARCENY,PETIT FROM AUTO",RESIDENCE-HOUSE,02/26/2020,,UNKNOWN,UNKNOWN,U,,25-44,WHITE HISPANIC,M,1022721,236268,40.815101285000026,-73.86101759499995,"(40.815101285000026, -73.86101759499996)"
243133456,62,BROOKLYN,03/15/2018,00:00:00,10/09/2019,00:00:00,COMPLETED,,,0.0,N.Y. POLICE DEPT,126,FELONY,INSIDE,MISCELLANEOUS PENAL LAW,,PATROL BORO BKLYN SOUTH,697.0,USE OF A CHILD IN A SEXUAL PER,RESIDENCE - APT. HOUSE,02/25/2020,,<18,ASIAN / PACIFIC ISLANDER,M,,<18,WHITE,M,983393,158818,40.60260317900003,-74.00308766099994,"(40.60260317900003, -74.00308766099994)"
875341916,19,MANHATTAN,12/09/2018,01:23:00,02/17/2020,01:31:00,COMPLETED,,,0.0,N.Y. POLICE DEPT,361,MISDEMEANOR,INSIDE,OFF. AGNST PUB ORD SENSBLTY &,,PATROL BORO MAN NORTH,639.0,AGGRAVATED HARASSMENT 2,RESIDENCE - APT. HOUSE,02/22/2020,,,,,,25-44,WHITE,F,994991,219189,40.76830126300007,-73.96122481199995,"(40.76830126300007, -73.96122481199995)"
701832487,34,MANHATTAN,12/26/2018,07:00:00,01/20/2020,07:00:00,COMPLETED,DYCKMAN,45386.0,2.0,N.Y. HOUSING POLICE,112,FELONY,INSIDE,THEFT-FRAUD,,PATROL BORO MAN NORTH,739.0,"FRAUD,UNCLASSIFIED-FELONY",RESIDENCE - PUBLIC HOUSING,02/22/2020,,UNKNOWN,UNKNOWN,U,,25-44,WHITE HISPANIC,F,1005283,253262,40.86180359600007,-73.92396237599996,"(40.86180359600007, -73.92396237599996)"
718246782,83,BROOKLYN,06/25/2018,12:00:00,02/20/2020,14:30:00,COMPLETED,,,0.0,N.Y. POLICE DEPT,109,FELONY,INSIDE,GRAND LARCENY,,PATROL BORO BKLYN NORTH,402.0,"LARCENY,GRAND BY FALSE PROMISE-NOT IN PERSON CONTACT",RESIDENCE - APT. HOUSE,02/20/2020,,UNKNOWN,UNKNOWN,F,,45-64,ASIAN / PACIFIC ISLANDER,F,1007318,196330,40.70553540900005,-73.91680087399999,"(40.70553540900005, -73.91680087399999)"
820954587,88,BROOKLYN,08/25/2018,08:00:00,08/25/2018,15:00:00,COMPLETED,,,0.0,N.Y. POLICE DEPT,341,MISDEMEANOR,FRONT OF,PETIT LARCENY,,PATROL BORO BKLYN NORTH,338.0,"LARCENY,PETIT FROM BUILDING,UN",COMMERCIAL BUILDING,02/21/2020,,,,,,25-44,BLACK,F,990847,192564,40.695226225000056,-73.97621137999994,"(40.695226225000056, -73.97621137999994)"
789938371,123,STATEN ISLAND,06/28/2018,08:00:00,06/28/2019,08:00:00,ATTEMPTED,,,0.0,N.Y. POLICE DEPT,112,FELONY,INSIDE,THEFT-FRAUD,,PATROL BORO STATEN ISLAND,739.0,"FRAUD,UNCLASSIFIED-FELONY",RESIDENCE-HOUSE,02/27/2020,,,,,,45-64,WHITE,M,914928,125757,40.51158633800003,-74.24930372699998,"(40.51158633800003, -74.24930372699998)"
126668486,70,BROOKLYN,08/28/2018,00:00:00,07/05/2019,00:00:00,COMPLETED,,,0.0,N.Y. POLICE DEPT,112,FELONY,INSIDE,THEFT-FRAUD,,PATROL BORO BKLYN SOUTH,739.0,"FRAUD,UNCLASSIFIED-FELONY",COMMERCIAL BUILDING,02/24/2020,,UNKNOWN,UNKNOWN,U,,25-44,ASIAN / PACIFIC ISLANDER,F,993323,169051,40.63068604400007,-73.96731407999994,"(40.63068604400007, -73.96731407999994)"
295490980,110,QUEENS,10/18/2018,16:00:00,,,COMPLETED,,,0.0,N.Y. POLICE DEPT,341,MISDEMEANOR,FRONT OF,PETIT LARCENY,,PATROL BORO QUEENS NORTH,349.0,"LARCENY,PETIT OF LICENSE PLATE",STREET,02/24/2020,,,,,,45-64,WHITE HISPANIC,M,1023665,210913,40.74550444100004,-73.85775596199994,"(40.74550444100004, -73.85775596199994)"
640826141,68,BROOKLYN,07/18/2018,12:00:00,12/01/2018,12:00:00,COMPLETED,,,0.0,N.Y. POLICE DEPT,104,FELONY,INSIDE,RAPE,,PATROL BORO BKLYN SOUTH,157.0,RAPE 1,RESIDENCE - APT. HOUSE,02/20/2020,,18-24,UNKNOWN,M,,<18,WHITE HISPANIC,F,978016,172087,40.63902167200007,-74.022463524,"(40.63902167200007, -74.022463524)"
692210221,113,QUEENS,04/24/2018,15:00:00,04/24/2018,15:00:00,COMPLETED,,,0.0,N.Y. POLICE DEPT,578,VIOLATION,INSIDE,HARRASSMENT 2,,PATROL BORO QUEENS SOUTH,638.0,"HARASSMENT,SUBD 3,4,5",RESIDENCE-HOUSE,02/26/2020,,UNKNOWN,BLACK,F,,45-64,BLACK,M,1051209,184705,40.673404299000026,-73.75861296799998,"(40.673404299000026, -73.75861296799998)"
361362055,19,MANHATTAN,09/28/2018,12:00:00,02/10/2020,15:30:00,COMPLETED,,,0.0,N.Y. POLICE DEPT,112,FELONY,INSIDE,THEFT-FRAUD,,PATROL BORO MAN NORTH,739.0,"FRAUD,UNCLASSIFIED-FELONY",RESIDENCE - APT. HOUSE,02/21/2020,,UNKNOWN,UNKNOWN,U,,25-44,WHITE,F,995981,217449,40.76352415400004,-73.95765379999993,"(40.76352415400004, -73.95765379999993)"
350207645,62,BROOKLYN,03/15/2018,00:00:00,10/09/2019,00:00:00,COMPLETED,,,0.0,N.Y. POLICE DEPT,126,FELONY,INSIDE,MISCELLANEOUS PENAL LAW,,PATROL BORO BKLYN SOUTH,697.0,USE OF A CHILD IN A SEXUAL PER,RESIDENCE - APT. HOUSE,02/25/2020,,<18,ASIAN / PACIFIC ISLANDER,M,,<18,WHITE,M,983393,158818,40.60260317900003,-74.00308766099994,"(40.60260317900003, -74.00308766099994)"
849449420,60,BROOKLYN,01/01/2018,00:01:00,02/18/2020,00:00:00,COMPLETED,,252.0,2.0,N.Y. HOUSING POLICE,109,FELONY,INSIDE,GRAND LARCENY,,PATROL BORO BKLYN SOUTH,425.0,"LARCENY,GRAND BY BANK ACCT COMPROMISE-ATM TRANSACTION",RESIDENCE - PUBLIC HOUSING,02/19/2020,,UNKNOWN,BLACK,F,,65+,WHITE HISPANIC,F,989392,155078,40.59233618200005,-73.98148695899994,"(40.59233618200005, -73.98148695899994)"
541984352,13,MANHATTAN,01/18/2018,16:00:00,02/18/2020,12:00:00,COMPLETED,,,0.0,N.Y. POLICE DEPT,578,VIOLATION,INSIDE,HARRASSMENT 2,,PATROL BORO MAN SOUTH,638.0,"HARASSMENT,SUBD 3,4,5",RESIDENCE - APT. HOUSE,02/19/2020,,,,,,65+,WHITE,F,986801,209943,40.74292949900007,-73.99079545899998,"(40.74292949900007, -73.99079545899998)"
196089507,113,QUEENS,10/04/2018,17:55:00,02/27/2020,08:00:00,COMPLETED,,9895.0,2.0,N.Y. HOUSING POLICE,235,MISDEMEANOR,INSIDE,DANGEROUS DRUGS,,PATROL BORO QUEENS SOUTH,569.0,"MARIJUANA, SALE 4 & 5",RESIDENCE - PUBLIC HOUSING,02/27/2020,,,,,,UNKNOWN,UNKNOWN,E,1044220,189115,40.68555881800006,-73.783769094,"(40.68555881800006, -73.783769094)"
666391652,68,BROOKLYN,10/22/2018,10:00:00,02/23/2020,23:00:00,COMPLETED,,,0.0,N.Y. POLICE DEPT,109,FELONY,INSIDE,GRAND LARCENY,,PATROL BORO BKLYN SOUTH,422.0,"LARCENY,GRAND BY OPEN CREDIT CARD (NEW ACCT)",RESIDENCE - APT. HOUSE,02/24/2020,,,,,,45-64,WHITE HISPANIC,F,978150,170531,40.634750876000055,-74.02197929299997,"(40.634750876000055, -74.02197929299997)"
300731606,109,QUEENS,09/09/2018,00:00:00,02/14/2020,12:00:00,COMPLETED,,,0.0,N.Y. POLICE DEPT,109,FELONY,INSIDE,GRAND LARCENY,,PATROL BORO QUEENS NORTH,422.0,"LARCENY,GRAND BY OPEN CREDIT CARD (NEW ACCT)",RESIDENCE-HOUSE,02/26/2020,,,,,,65+,ASIAN / PACIFIC ISLANDER,M,1032078,211995,40.748432756000064,-73.82738651399995,"(40.74843275600006, -73.82738651399995)"
560527555,70,BROOKLYN,09/10/2018,12:00:00,09/12/2018,12:00:00,COMPLETED,,,0.0,N.Y. POLICE DEPT,112,FELONY,INSIDE,THEFT-FRAUD,,PATROL BORO BKLYN SOUTH,739.0,"FRAUD,UNCLASSIFIED-FELONY",RESIDENCE - APT. HOUSE,02/23/2020,,UNKNOWN,UNKNOWN,U,,25-44,WHITE,M,995528,168761,40.629887524000026,-73.95937059599999,"(40.629887524000026, -73.95937059599999)"
955749108,62,BROOKLYN,03/15/2018,00:00:00,10/19/2019,00:00:00,COMPLETED,,,0.0,N.Y. POLICE DEPT,126,FELONY,INSIDE,MISCELLANEOUS PENAL LAW,,PATROL BORO BKLYN SOUTH,697.0,USE OF A CHILD IN A SEXUAL PER,RESIDENCE - APT. HOUSE,02/25/2020,,<18,ASIAN / PACIFIC ISLANDER,M,,<18,WHITE,M,983393,158818,40.60260317900003,-74.00308766099994,"(40.60260317900003, -74.00308766099994)"
226399862,50,BRONX,12/29/2018,12:32:00,,,COMPLETED,,,0.0,N.Y. POLICE DEPT,109,FELONY,INSIDE,GRAND LARCENY,,PATROL BORO BRONX,420.0,"LARCENY,GRAND BY OPEN/COMPROMISE CELL PHONE ACCT",TELECOMM. STORE,02/17/2020,,,,,,25-44,WHITE,M,1011800,261419,40.884174114000075,-73.90036841599994,"(40.884174114000075, -73.90036841599994)"
675276903,78,BROOKLYN,03/28/2018,13:00:00,03/28/2018,13:15:00,COMPLETED,,,0.0,N.Y. POLICE DEPT,112,FELONY,INSIDE,THEFT-FRAUD,,PATROL BORO BKLYN SOUTH,739.0,"FRAUD,UNCLASSIFIED-FELONY",RESIDENCE-HOUSE,02/09/2020,,UNKNOWN,UNKNOWN,U,,25-44,WHITE HISPANIC,F,986634,183053,40.66912282700008,-73.99140763999998,"(40.66912282700008, -73.99140763999998)"
868660902,108,QUEENS,07/01/2018,00:00:00,02/12/2020,14:50:00,COMPLETED,,,0.0,N.Y. POLICE DEPT,351,MISDEMEANOR,,CRIMINAL MISCHIEF & RELATED OF,,PATROL BORO QUEENS NORTH,258.0,"CRIMINAL MISCHIEF 4TH, GRAFFIT",HIGHWAY/PARKWAY,02/14/2020,,,,,,UNKNOWN,UNKNOWN,E,996424,210017,40.743124599000055,-73.95606807299998,"(40.743124599000055, -73.95606807299998)"
456599446,7,MANHATTAN,08/15/2018,08:00:00,02/14/2020,20:30:00,COMPLETED,VLADECK,606.0,2.0,N.Y. HOUSING POLICE,578,VIOLATION,INSIDE,HARRASSMENT 2,,PATROL BORO MAN SOUTH,638.0,"HARASSMENT,SUBD 3,4,5",RESIDENCE - PUBLIC HOUSING,02/14/2020,,UNKNOWN,UNKNOWN,U,,25-44,UNKNOWN,M,988994,199157,40.71332365000006,-73.98288901499996,"(40.71332365000006, -73.98288901499996)"
522924945,78,BROOKLYN,08/01/2018,12:00:00,05/28/2019,14:00:00,COMPLETED,,,0.0,N.Y. POLICE DEPT,578,VIOLATION,INSIDE,HARRASSMENT 2,,PATROL BORO BKLYN SOUTH,638.0,"HARASSMENT,SUBD 3,4,5",STREET,02/14/2020,,UNKNOWN,WHITE HISPANIC,U,,25-44,BLACK,M,986701,185294,40.67527385200003,-73.99116530599997,"(40.67527385200003, -73.99116530599997)"
119918692,19,MANHATTAN,01/01/2018,12:00:00,08/01/2019,12:00:00,COMPLETED,,,0.0,N.Y. POLICE DEPT,109,FELONY,INSIDE,GRAND LARCENY,,PATROL BORO MAN NORTH,407.0,"LARCENY,GRAND BY DISHONEST EMP",HOSPITAL,02/13/2020,,,,,,UNKNOWN,UNKNOWN,D,996480,217618,40.76398734000002,-73.95585215599993,"(40.76398734000002, -73.95585215599993)"
518501478,25,MANHATTAN,01/01/2018,00:01:00,02/11/2020,10:00:00,COMPLETED,,,0.0,N.Y. POLICE DEPT,233,MISDEMEANOR,INSIDE,SEX CRIMES,,PATROL BORO MAN NORTH,175.0,"SEXUAL ABUSE 3,2",RESIDENCE - APT. HOUSE,02/11/2020,,UNKNOWN,UNKNOWN,U,,25-44,BLACK,M,1000555,230994,40.800694331000045,-73.94110928599997,"(40.800694331000045, -73.94110928599997)"
105406171,26,MANHATTAN,08/30/2018,08:41:00,08/30/2018,08:45:00,COMPLETED,,,1.0,N.Y. TRANSIT POLICE,121,FELONY,,CRIMINAL MISCHIEF & RELATED OF,,PATROL BORO MAN NORTH,273.0,"TAMPERING 1,CRIMINAL",TRANSIT - NYC SUBWAY,02/13/2020,125 STREET,25-44,BLACK,M,3.0,UNKNOWN,UNKNOWN,E,997374,234664,40.81077276700007,-73.95259158999993,"(40.81077276700007, -73.95259158999993)"
384310774,106,QUEENS,06/30/2018,14:00:00,06/30/2018,14:30:00,COMPLETED,,,0.0,N.Y. POLICE DEPT,233,MISDEMEANOR,INSIDE,SEX CRIMES,,PATROL BORO QUEENS SOUTH,681.0,"CHILD, ENDANGERING WELFARE",RESIDENCE-HOUSE,02/09/2020,,18-24,ASIAN / PACIFIC ISLANDER,M,,<18,ASIAN / PACIFIC ISLANDER,F,1028713,187853,40.68218640100008,-73.83969048299997,"(40.68218640100008, -73.83969048299997)"
413833190,83,BROOKLYN,11/13/2018,23:00:00,12/19/2019,23:00:00,COMPLETED,,,0.0,N.Y. POLICE DEPT,578,VIOLATION,INSIDE,HARRASSMENT 2,,PATROL BORO BKLYN NORTH,638.0,"HARASSMENT,SUBD 3,4,5",RESIDENCE - APT. HOUSE,02/11/2020,,UNKNOWN,UNKNOWN,F,,18-24,WHITE HISPANIC,F,1008588,192616,40.69533794800003,-73.91223372299999,"(40.69533794800003, -73.91223372299999)"
644044062,43,BRONX,09/26/2018,09:00:00,02/11/2020,10:10:00,COMPLETED,,,0.0,N.Y. POLICE DEPT,109,FELONY,INSIDE,GRAND LARCENY,,PATROL BORO BRONX,422.0,"LARCENY,GRAND BY OPEN CREDIT CARD (NEW ACCT)",RESIDENCE - APT. HOUSE,02/11/2020,,,,,,25-44,UNKNOWN,F,1024490,244699,40.838234070000055,-73.85457619099995,"(40.838234070000055, -73.85457619099996)"
218796339,88,BROOKLYN,10/01/2018,00:00:00,11/01/2018,00:00:00,COMPLETED,INGERSOLL,477.0,2.0,N.Y. HOUSING POLICE,116,FELONY,INSIDE,SEX CRIMES,,PATROL BORO BKLYN NORTH,177.0,SEXUAL ABUSE,RESIDENCE - PUBLIC HOUSING,02/17/2020,,25-44,WHITE HISPANIC,M,,<18,WHITE HISPANIC,F,995188,190691,40.69008097200003,-73.96055993199997,"(40.69008097200003, -73.96055993199997)"
574371177,75,BROOKLYN,09/11/2018,09:00:00,01/29/2020,09:00:00,COMPLETED,,,0.0,N.Y. POLICE DEPT,109,FELONY,INSIDE,GRAND LARCENY,,PATROL BORO BKLYN NORTH,432.0,"LARCENY,GRAND BY IDENTITY THEFT-UNCLASSIFIED",RESIDENCE - APT. HOUSE,02/17/2020,,,,,,45-64,BLACK,M,1012815,181609,40.66511361200002,-73.89703697799997,"(40.66511361200002, -73.89703697799997)"
331958597,1,MANHATTAN,07/26/2018,00:50:00,,,COMPLETED,,,0.0,N.Y. POLICE DEPT,109,FELONY,,GRAND LARCENY,,PATROL BORO MAN SOUTH,443.0,"LARCENY,GRAND OF BICYCLE",STREET,02/12/2020,,,,,,25-44,ASIAN / PACIFIC ISLANDER,M,981004,199281,40.713664676000064,-74.01171039199994,"(40.713664676000064, -74.01171039199994)"
349043959,7,MANHATTAN,04/10/2018,12:04:00,,,COMPLETED,,,1.0,N.Y. TRANSIT POLICE,121,FELONY,,CRIMINAL MISCHIEF & RELATED OF,,PATROL BORO MAN SOUTH,273.0,"TAMPERING 1,CRIMINAL",TRANSIT - NYC SUBWAY,02/13/2020,EAST BROADWAY,25-44,BLACK,M,4.0,UNKNOWN,UNKNOWN,E,986967,199425,40.71406010100003,-73.99020064699994,"(40.71406010100003, -73.99020064699994)"
782425194,13,MANHATTAN,02/02/2018,15:06:00,12/30/2019,08:21:00,COMPLETED,,,0.0,N.Y. POLICE DEPT,109,FELONY,INSIDE,GRAND LARCENY,,PATROL BORO MAN SOUTH,424.0,"LARCENY,GRAND BY CREDIT CARD ACCT COMPROMISE-EXISTING ACCT",COMMERCIAL BUILDING,02/12/2020,,UNKNOWN,UNKNOWN,U,,UNKNOWN,UNKNOWN,D,986234,210847,40.745410898000046,-73.99284136899995,"(40.745410898000046, -73.99284136899996)"
317716003,47,BRONX,11/06/2018,15:01:00,,,COMPLETED,,,0.0,N.Y. POLICE DEPT,125,FELONY,INSIDE,NYS LAWS-UNCLASSIFIED FELONY,,PATROL BORO BRONX,847.0,"NY STATE LAWS,UNCLASSIFIED FEL",RESIDENCE-HOUSE,02/11/2020,,25-44,BLACK,M,,UNKNOWN,UNKNOWN,E,1029307,259307,40.878305325000035,-73.83706964899994,"(40.878305325000035, -73.83706964899994)"
117783838,67,BROOKLYN,11/01/2018,00:01:00,08/11/2019,23:59:00,COMPLETED,,,0.0,N.Y. POLICE DEPT,233,MISDEMEANOR,INSIDE,SEX CRIMES,,PATROL BORO BKLYN SOUTH,175.0,"SEXUAL ABUSE 3,2",RESIDENCE-HOUSE,02/13/2020,,UNKNOWN,ASIAN / PACIFIC ISLANDER,F,,25-44,ASIAN / PACIFIC ISLANDER,F,998032,175598,40.648650085000035,-73.95033556299995,"(40.648650085000035, -73.95033556299995)"
894346521,32,MANHATTAN,11/26/2018,09:00:00,11/26/2018,09:05:00,COMPLETED,,,0.0,N.Y. POLICE DEPT,341,MISDEMEANOR,INSIDE,PETIT LARCENY,,PATROL BORO MAN NORTH,349.0,"LARCENY,PETIT OF LICENSE PLATE",PARKING LOT/GARAGE (PUBLIC),02/11/2020,,,,,,45-64,WHITE HISPANIC,F,1001898,241212,40.82873730200004,-73.93623162699998,"(40.82873730200004, -73.93623162699998)"
243008662,14,MANHATTAN,02/07/2018,00:01:00,02/06/2020,,COMPLETED,,,0.0,N.Y. POLICE DEPT,109,FELONY,INSIDE,GRAND LARCENY,,PATROL BORO MAN SOUTH,407.0,"LARCENY,GRAND BY DISHONEST EMP",COMMERCIAL BUILDING,02/14/2020,,UNKNOWN,UNKNOWN,F,,UNKNOWN,UNKNOWN,D,988926,211121,40.74616194600002,-73.98312598999998,"(40.74616194600002, -73.98312598999998)"
284410610,17,MANHATTAN,06/01/2018,00:00:00,02/11/2020,00:00:00,COMPLETED,,,0.0,N.Y. POLICE DEPT,109,FELONY,INSIDE,GRAND LARCENY,,PATROL BORO MAN SOUTH,412.0,"LARCENY,GRAND FROM RESIDENCE, UNATTENDED",RESIDENCE - APT. HOUSE,02/11/2020,,UNKNOWN,UNKNOWN,U,,65+,WHITE,F,994834,215379,40.75784398300004,-73.96179760399998,"(40.75784398300004, -73.96179760399998)"
894600243,28,MANHATTAN,10/09/2018,14:09:00,10/09/2018,14:09:00,COMPLETED,,,0.0,N.Y. POLICE DEPT,117,FELONY,INSIDE,DANGEROUS DRUGS,,PATROL BORO MAN NORTH,515.0,"CONTROLLED SUBSTANCE,SALE 3",RESIDENCE - APT. HOUSE,02/10/2020,,,,,,UNKNOWN,UNKNOWN,E,998816,233545,40.807699163000045,-73.94738485799998,"(40.807699163000045, -73.94738485799998)"
321423849,67,BROOKLYN,11/20/2018,12:00:00,11/21/2018,00:01:00,COMPLETED,,,0.0,N.Y. POLICE DEPT,104,FELONY,INSIDE,RAPE,,PATROL BORO BKLYN SOUTH,153.0,RAPE 3,CHURCH,02/09/2020,,45-64,BLACK,M,,18-24,BLACK,F,998032,175598,40.648650085000035,-73.95033556299995,"(40.648650085000035, -73.95033556299995)"
206707863,7,MANHATTAN,05/01/2018,11:41:00,,,COMPLETED,,,1.0,N.Y. TRANSIT POLICE,121,FELONY,,CRIMINAL MISCHIEF & RELATED OF,,PATROL BORO MAN SOUTH,273.0,"TAMPERING 1,CRIMINAL",TRANSIT - NYC SUBWAY,02/13/2020,EAST BROADWAY,25-44,BLACK,M,4.0,UNKNOWN,UNKNOWN,E,986967,199425,40.71406010100003,-73.99020064699994,"(40.71406010100003, -73.99020064699994)"
815569558,5,MANHATTAN,01/01/2018,00:01:00,12/31/2018,00:01:00,COMPLETED,,,0.0,N.Y. POLICE DEPT,116,FELONY,INSIDE,SEX CRIMES,,PATROL BORO MAN SOUTH,168.0,SODOMY 1,RESIDENCE - APT. HOUSE,02/17/2020,,UNKNOWN,UNKNOWN,M,,<18,UNKNOWN,F,984946,200203,40.716195914000025,-73.99749074599998,"(40.716195914000025, -73.99749074599998)"
746717977,81,BROOKLYN,06/22/2018,13:00:00,06/22/2018,13:05:00,COMPLETED,,,0.0,N.Y. POLICE DEPT,361,MISDEMEANOR,FRONT OF,OFF. AGNST PUB ORD SENSBLTY &,,PATROL BORO BKLYN NORTH,639.0,AGGRAVATED HARASSMENT 2,RESIDENCE - APT. HOUSE,02/10/2020,,<18,BLACK HISPANIC,F,,<18,BLACK,F,1001205,191692,40.69281900500005,-73.93886062099993,"(40.69281900500005, -73.93886062099993)"
376295384,45,BRONX,05/30/2018,20:53:00,12/13/2019,15:09:00,COMPLETED,,,0.0,N.Y. POLICE DEPT,361,MISDEMEANOR,INSIDE,OFF. AGNST PUB ORD SENSBLTY &,,PATROL BORO BRONX,639.0,AGGRAVATED HARASSMENT 2,RESIDENCE - APT. HOUSE,02/14/2020,,UNKNOWN,WHITE,M,,25-44,WHITE,F,1030643,243939,40.836117913000066,-73.83234487699998,"(40.836117913000066, -73.83234487699998)"
693127226,26,MANHATTAN,08/26/2018,12:57:00,08/26/2018,12:59:00,COMPLETED,,,1.0,N.Y. TRANSIT POLICE,121,FELONY,,CRIMINAL MISCHIEF & RELATED OF,,PATROL BORO MAN NORTH,273.0,"TAMPERING 1,CRIMINAL",TRANSIT - NYC SUBWAY,02/13/2020,125 STREET,25-44,BLACK,M,3.0,UNKNOWN,UNKNOWN,E,997374,234664,40.81077276700007,-73.95259158999993,"(40.81077276700007, -73.95259158999993)"
226090010,60,BROOKLYN,05/26/2018,00:00:00,02/11/2020,16:00:00,COMPLETED,,,0.0,N.Y. POLICE DEPT,109,FELONY,INSIDE,GRAND LARCENY,,PATROL BORO BKLYN SOUTH,422.0,"LARCENY,GRAND BY OPEN CREDIT CARD (NEW ACCT)",RESIDENCE - APT. HOUSE,02/11/2020,,UNKNOWN,UNKNOWN,U,,18-24,UNKNOWN,M,984210,148738,40.57493562800004,-74.00014542599996,"(40.57493562800004, -74.00014542599996)"
829405577,90,BROOKLYN,09/29/2018,15:00:00,09/29/2018,15:05:00,COMPLETED,,,0.0,N.Y. POLICE DEPT,233,MISDEMEANOR,INSIDE,SEX CRIMES,,PATROL BORO BKLYN NORTH,175.0,"SEXUAL ABUSE 3,2",RESIDENCE - APT. HOUSE,02/14/2020,,18-24,WHITE,M,,<18,WHITE,F,997843,196573,40.706222013000044,-73.95097435599996,"(40.70622201300005, -73.95097435599996)"
178125346,43,BRONX,02/12/2018,12:00:00,,,COMPLETED,,,0.0,N.Y. POLICE DEPT,341,MISDEMEANOR,INSIDE,PETIT LARCENY,,PATROL BORO BRONX,349.0,"LARCENY,PETIT OF LICENSE PLATE",RESIDENCE-HOUSE,02/12/2020,,UNKNOWN,UNKNOWN,U,,65+,WHITE HISPANIC,M,1022522,236628,40.816090247000034,-73.86173446799995,"(40.816090247000034, -73.86173446799995)"
758125044,114,QUEENS,10/28/2018,08:00:00,11/01/2019,08:00:00,COMPLETED,,,0.0,N.Y. POLICE DEPT,109,FELONY,INSIDE,GRAND LARCENY,,PATROL BORO QUEENS NORTH,420.0,"LARCENY,GRAND BY OPEN/COMPROMISE CELL PHONE ACCT",RESIDENCE - APT. HOUSE,02/15/2020,,UNKNOWN,UNKNOWN,U,,45-64,WHITE,M,1008826,222819,40.778237026000056,-73.91126511699997,"(40.778237026000056, -73.91126511699997)"
343708952,90,BROOKLYN,01/01/2018,00:01:00,12/31/2018,23:59:00,COMPLETED,,,0.0,N.Y. POLICE DEPT,116,FELONY,INSIDE,SEX CRIMES,,PATROL BORO BKLYN NORTH,177.0,SEXUAL ABUSE,RESIDENCE - APT. HOUSE,02/13/2020,,18-24,WHITE,M,,<18,WHITE,F,997843,196573,40.706222013000044,-73.95097435599996,"(40.70622201300005, -73.95097435599996)"
983807167,42,BRONX,05/29/2018,09:00:00,,01:28:00,COMPLETED,,,0.0,N.Y. POLICE DEPT,112,FELONY,INSIDE,THEFT-FRAUD,,PATROL BORO BRONX,739.0,"FRAUD,UNCLASSIFIED-FELONY",PUBLIC BUILDING,01/31/2020,,,,,,45-64,WHITE HISPANIC,F,1010390,241131,40.82849393200007,-73.90554670999995,"(40.82849393200007, -73.90554670999995)"
171048299,46,BRONX,03/20/2018,06:00:00,02/06/2020,12:44:00,COMPLETED,,,0.0,N.Y. POLICE DEPT,578,VIOLATION,INSIDE,HARRASSMENT 2,,PATROL BORO BRONX,638.0,"HARASSMENT,SUBD 3,4,5",BEAUTY & NAIL SALON,02/06/2020,,45-64,BLACK HISPANIC,M,,25-44,UNKNOWN,F,1010491,249157,40.85052265900004,-73.90515035299995,"(40.85052265900004, -73.90515035299995)"
643921461,121,STATEN ISLAND,01/29/2018,22:40:00,07/28/2018,19:45:00,COMPLETED,,,0.0,N.Y. POLICE DEPT,112,FELONY,INSIDE,THEFT-FRAUD,,PATROL BORO STATEN ISLAND,739.0,"FRAUD,UNCLASSIFIED-FELONY",STREET,02/03/2020,,UNKNOWN,UNKNOWN,U,,25-44,WHITE HISPANIC,M,941888,165164,40.61992040800004,-74.15259477799998,"(40.61992040800004, -74.15259477799998)"
117515525,72,BROOKLYN,03/04/2018,20:00:00,01/17/2020,22:00:00,COMPLETED,,,0.0,N.Y. POLICE DEPT,104,FELONY,INSIDE,RAPE,,PATROL BORO BKLYN SOUTH,157.0,RAPE 1,RESIDENCE - APT. HOUSE,02/05/2020,,45-64,WHITE HISPANIC,M,,25-44,WHITE HISPANIC,F,983964,179071,40.65819343200008,-74.00103224299994,"(40.65819343200008, -74.00103224299994)"
961139279,47,BRONX,09/06/2018,00:01:00,09/06/2018,23:59:00,COMPLETED,,,0.0,N.Y. POLICE DEPT,109,FELONY,INSIDE,GRAND LARCENY,,PATROL BORO BRONX,432.0,"LARCENY,GRAND BY IDENTITY THEFT-UNCLASSIFIED",RESIDENCE-HOUSE,02/02/2020,,,,,,45-64,BLACK,M,1022019,259861,40.879860077000046,-73.86342080899993,"(40.879860077000046, -73.86342080899993)"
611914709,49,BRONX,12/15/2018,00:00:00,02/14/2019,23:59:00,COMPLETED,,,0.0,N.Y. POLICE DEPT,112,FELONY,INSIDE,THEFT-FRAUD,,PATROL BORO BRONX,739.0,"FRAUD,UNCLASSIFIED-FELONY",RESIDENCE-HOUSE,01/31/2020,,UNKNOWN,UNKNOWN,U,,25-44,BLACK,M,1020546,245734,40.841091931000044,-73.86882397799997,"(40.841091931000044, -73.86882397799997)"
461713885,84,BROOKLYN,02/07/2018,19:00:00,02/07/2020,19:00:00,COMPLETED,,,0.0,N.Y. POLICE DEPT,233,MISDEMEANOR,INSIDE,SEX CRIMES,,PATROL BORO BKLYN NORTH,175.0,"SEXUAL ABUSE 3,2",RESIDENCE - APT. HOUSE,02/07/2020,,,,,,<18,WHITE,F,989013,192652,40.69546894100006,-73.98282507899995,"(40.69546894100006, -73.98282507899995)"
368051012,121,STATEN ISLAND,09/01/2018,12:00:00,09/07/2018,12:05:00,COMPLETED,,,0.0,N.Y. POLICE DEPT,341,MISDEMEANOR,FRONT OF,PETIT LARCENY,,PATROL BORO STATEN ISLAND,349.0,"LARCENY,PETIT OF LICENSE PLATE",STREET,02/06/2020,,UNKNOWN,UNKNOWN,U,,25-44,BLACK,F,942619,168568,40.62926712800004,-74.14998262299997,"(40.62926712800004, -74.14998262299997)"
962371521,63,BROOKLYN,06/30/2018,12:00:00,01/15/2020,15:00:00,COMPLETED,,,0.0,N.Y. POLICE DEPT,578,VIOLATION,INSIDE,HARRASSMENT 2,,PATROL BORO BKLYN SOUTH,638.0,"HARASSMENT,SUBD 3,4,5",RESIDENCE-HOUSE,02/03/2020,,25-44,WHITE,F,,45-64,WHITE,F,1006990,167804,40.627238754000075,-73.91808010299998,"(40.627238754000075, -73.91808010299998)"
455976270,5,MANHATTAN,04/21/2018,16:45:00,09/25/2019,22:00:00,COMPLETED,,,0.0,N.Y. POLICE DEPT,578,VIOLATION,INSIDE,HARRASSMENT 2,,PATROL BORO MAN SOUTH,638.0,"HARASSMENT,SUBD 3,4,5",OTHER,02/08/2020,,25-44,BLACK,M,,25-44,BLACK,M,986098,202310,40.72197895800008,-73.99333452499997,"(40.72197895800008, -73.99333452499997)"
449494778,24,MANHATTAN,07/25/2018,12:00:00,01/10/2020,12:00:00,COMPLETED,WSUR (SITE C) 589 AMSTERDAM AVENUE,754.0,2.0,N.Y. HOUSING POLICE,578,VIOLATION,INSIDE,HARRASSMENT 2,,PATROL BORO MAN NORTH,638.0,"HARASSMENT,SUBD 3,4,5",RESIDENCE - PUBLIC HOUSING,02/04/2020,,25-44,BLACK,F,,25-44,BLACK,F,991495,226842,40.78931028700004,-73.97383765099994,"(40.78931028700004, -73.97383765099994)"
897380691,115,QUEENS,02/02/2018,00:01:00,02/02/2020,00:01:00,COMPLETED,,,0.0,N.Y. POLICE DEPT,109,FELONY,INSIDE,GRAND LARCENY,,PATROL BORO QUEENS NORTH,420.0,"LARCENY,GRAND BY OPEN/COMPROMISE CELL PHONE ACCT",RESIDENCE - APT. HOUSE,02/02/2020,,,,,,45-64,WHITE HISPANIC,F,1014450,212570,40.750088756000025,-73.89100465699995,"(40.750088756000025, -73.89100465699995)"
354277528,61,BROOKLYN,12/18/2018,08:00:00,01/09/2020,08:00:00,COMPLETED,,,0.0,N.Y. POLICE DEPT,112,FELONY,,THEFT-FRAUD,,PATROL BORO BKLYN SOUTH,739.0,"FRAUD,UNCLASSIFIED-FELONY",RESIDENCE-HOUSE,02/06/2020,,,,,,45-64,WHITE,M,1003472,156235,40.59549256400004,-73.93078669799998,"(40.59549256400004, -73.93078669799998)"
683667047,108,QUEENS,07/01/2018,00:00:00,02/06/2020,11:30:00,COMPLETED,,,0.0,N.Y. POLICE DEPT,351,MISDEMEANOR,REAR OF,CRIMINAL MISCHIEF & RELATED OF,,PATROL BORO QUEENS NORTH,258.0,"CRIMINAL MISCHIEF 4TH, GRAFFIT",STREET,02/07/2020,,,,,,UNKNOWN,UNKNOWN,E,1006943,205651,40.731120277000045,-73.91812198299993,"(40.73112027700005, -73.91812198299993)"
489136741,107,QUEENS,07/06/2018,11:00:00,01/31/2020,00:00:00,COMPLETED,,,0.0,N.Y. POLICE DEPT,109,FELONY,FRONT OF,GRAND LARCENY,,PATROL BORO QUEENS SOUTH,439.0,"LARCENY,GRAND FROM OPEN AREAS, UNATTENDED",MAILBOX OUTSIDE,01/31/2020,,UNKNOWN,UNKNOWN,U,,45-64,WHITE,F,1034971,197407,40.70837621500005,-73.81705543999993,"(40.70837621500005, -73.81705543999993)"
785538219,6,MANHATTAN,07/25/2018,18:00:00,07/25/2018,20:00:00,COMPLETED,,,0.0,N.Y. POLICE DEPT,104,FELONY,FRONT OF,RAPE,,PATROL BORO MAN SOUTH,157.0,RAPE 1,HOTEL/MOTEL,02/03/2020,,25-44,WHITE HISPANIC,M,,25-44,ASIAN / PACIFIC ISLANDER,F,982752,206772,40.734226128000046,-74.00540668899998,"(40.734226128000046, -74.00540668899998)"
731294989,88,BROOKLYN,07/01/2018,15:00:00,01/29/2020,21:00:00,COMPLETED,,,0.0,N.Y. POLICE DEPT,109,FELONY,INSIDE,GRAND LARCENY,,PATROL BORO BKLYN NORTH,407.0,"LARCENY,GRAND BY DISHONEST EMP",OTHER,01/30/2020,,25-44,ASIAN / PACIFIC ISLANDER,F,,UNKNOWN,UNKNOWN,D,994357,194765,40.70126414600002,-73.96355033599998,"(40.70126414600002, -73.96355033599998)"
738185406,13,MANHATTAN,06/12/2018,22:00:00,,,COMPLETED,,,0.0,N.Y. POLICE DEPT,233,MISDEMEANOR,INSIDE,SEX CRIMES,,PATROL BORO MAN SOUTH,175.0,"SEXUAL ABUSE 3,2",RESIDENCE - APT. HOUSE,02/04/2020,,45-64,WHITE,M,,45-64,UNKNOWN,F,988874,207673,40.736698070000045,-73.98331602599995,"(40.736698070000045, -73.98331602599995)"
328931066,48,BRONX,02/02/2018,08:00:00,02/02/2018,18:00:00,COMPLETED,,,0.0,N.Y. POLICE DEPT,233,MISDEMEANOR,FRONT OF,SEX CRIMES,,PATROL BORO BRONX,175.0,"SEXUAL ABUSE 3,2",BUS (OTHER),02/07/2020,,UNKNOWN,WHITE HISPANIC,F,,<18,BLACK,M,1011779,246746,40.84390125500005,-73.900504632,"(40.84390125500005, -73.900504632)"
289788335,69,BROOKLYN,06/01/2018,15:00:00,06/01/2018,16:10:00,COMPLETED,,,0.0,N.Y. POLICE DEPT,361,MISDEMEANOR,INSIDE,OFF. AGNST PUB ORD SENSBLTY &,,PATROL BORO BKLYN SOUTH,639.0,AGGRAVATED HARASSMENT 2,RESIDENCE - APT. HOUSE,01/31/2020,,18-24,BLACK,M,,18-24,BLACK,F,1007676,170744,40.63530664300004,-73.91559856999999,"(40.63530664300004, -73.91559856999999)"
303236380,52,BRONX,01/18/2018,13:30:00,01/27/2020,17:00:00,COMPLETED,,,0.0,N.Y. POLICE DEPT,112,FELONY,INSIDE,THEFT-FRAUD,,PATROL BORO BRONX,739.0,"FRAUD,UNCLASSIFIED-FELONY",RESIDENCE - APT. HOUSE,02/06/2020,,,,,,25-44,BLACK,F,1009906,255431,40.86774461700002,-73.90724088799993,"(40.86774461700002, -73.90724088799993)"
233253369,34,MANHATTAN,09/14/2018,08:00:00,12/18/2019,17:00:00,COMPLETED,,,0.0,N.Y. POLICE DEPT,109,FELONY,INSIDE,GRAND LARCENY,,PATROL BORO MAN NORTH,420.0,"LARCENY,GRAND BY OPEN/COMPROMISE CELL PHONE ACCT",RESIDENCE - APT. HOUSE,02/07/2020,,,,,,65+,WHITE HISPANIC,M,1004435,249731,40.852114038000025,-73.92703871999998,"(40.852114038000025, -73.92703871999998)"
268592418,81,BROOKLYN,10/28/2018,08:00:00,10/28/2018,09:00:00,COMPLETED,,,0.0,N.Y. POLICE DEPT,233,MISDEMEANOR,INSIDE,SEX CRIMES,,PATROL BORO BKLYN NORTH,175.0,"SEXUAL ABUSE 3,2",RESIDENCE - APT. HOUSE,02/05/2020,,,,,,25-44,UNKNOWN,F,1005218,190528,40.689615497000034,-73.92439311199999,"(40.689615497000034, -73.92439311199998)"
754044448,120,STATEN ISLAND,08/19/2018,20:00:00,01/21/2020,10:00:00,COMPLETED,,,0.0,N.Y. POLICE DEPT,361,MISDEMEANOR,INSIDE,OFF. AGNST PUB ORD SENSBLTY &,,PATROL BORO STATEN ISLAND,639.0,AGGRAVATED HARASSMENT 2,RESIDENCE-HOUSE,01/21/2020,,45-64,WHITE,F,,25-44,UNKNOWN,F,951058,167966,40.62765040700003,-74.11957709099994,"(40.62765040700003, -74.11957709099994)"
928231188,75,BROOKLYN,01/05/2018,00:01:00,01/25/2020,17:14:00,COMPLETED,,,0.0,N.Y. POLICE DEPT,109,FELONY,FRONT OF,GRAND LARCENY,,PATROL BORO BKLYN NORTH,432.0,"LARCENY,GRAND BY IDENTITY THEFT-UNCLASSIFIED",RESIDENCE-HOUSE,01/27/2020,,,,,,18-24,UNKNOWN,M,1020107,183607,40.670571144000064,-73.87074187999998,"(40.670571144000064, -73.87074187999998)"
547725995,28,MANHATTAN,12/12/2018,12:36:00,12/12/2018,13:00:00,COMPLETED,,,1.0,N.Y. TRANSIT POLICE,121,FELONY,,CRIMINAL MISCHIEF & RELATED OF,,PATROL BORO MAN NORTH,273.0,"TAMPERING 1,CRIMINAL",TRANSIT - NYC SUBWAY,01/24/2020,116 STREET,25-44,BLACK,M,3.0,UNKNOWN,UNKNOWN,E,998181,231480,40.80203233000003,-73.94968294499995,"(40.80203233000003, -73.94968294499995)"
688555177,112,QUEENS,11/13/2018,12:00:00,01/28/2020,14:40:00,COMPLETED,,,0.0,N.Y. POLICE DEPT,109,FELONY,INSIDE,GRAND LARCENY,,PATROL BORO QUEENS NORTH,420.0,"LARCENY,GRAND BY OPEN/COMPROMISE CELL PHONE ACCT",RESIDENCE-HOUSE,01/28/2020,,UNKNOWN,UNKNOWN,U,,65+,ASIAN / PACIFIC ISLANDER,M,1020653,203863,40.72616686100001,-73.86866414999997,"(40.72616686100001, -73.86866414999997)"
333995187,81,BROOKLYN,11/13/2018,15:00:00,01/13/2020,18:00:00,COMPLETED,,,0.0,N.Y. POLICE DEPT,109,FELONY,INSIDE,GRAND LARCENY,,PATROL BORO BKLYN NORTH,422.0,"LARCENY,GRAND BY OPEN CREDIT CARD (NEW ACCT)",RESIDENCE - APT. HOUSE,01/27/2020,,,,,,45-64,BLACK,M,1003289,189552,40.68694096100006,-73.93135163199997,"(40.68694096100006, -73.93135163199997)"
808955992,9,MANHATTAN,10/01/2018,00:00:00,03/31/2019,00:00:00,COMPLETED,,,0.0,N.Y. POLICE DEPT,109,FELONY,INSIDE,GRAND LARCENY,,PATROL BORO MAN SOUTH,424.0,"LARCENY,GRAND BY CREDIT CARD ACCT COMPROMISE-EXISTING ACCT",BANK,01/21/2020,,25-44,WHITE,F,,45-64,WHITE,F,987345,205608,40.731030819000075,-73.98883427899995,"(40.731030819000075, -73.98883427899995)"
923348747,34,MANHATTAN,04/03/2018,08:00:00,01/06/2020,17:00:00,COMPLETED,,,0.0,N.Y. POLICE DEPT,109,FELONY,INSIDE,GRAND LARCENY,,PATROL BORO MAN NORTH,424.0,"LARCENY,GRAND BY CREDIT CARD ACCT COMPROMISE-EXISTING ACCT",RESIDENCE - APT. HOUSE,01/27/2020,,,,,,45-64,WHITE HISPANIC,F,1000942,250080,40.85307923400006,-73.93966399599998,"(40.85307923400006, -73.93966399599998)"
729007349,42,BRONX,02/15/2018,11:46:00,01/24/2020,20:15:00,COMPLETED,,,0.0,N.Y. POLICE DEPT,578,VIOLATION,INSIDE,HARRASSMENT 2,,PATROL BORO BRONX,638.0,"HARASSMENT,SUBD 3,4,5",CHURCH,01/26/2020,,UNKNOWN,BLACK,F,,25-44,BLACK,M,1014166,240838,40.82767774800004,-73.89190376299997,"(40.82767774800004, -73.89190376299997)"
486347147,32,MANHATTAN,05/31/2018,09:00:00,01/24/2020,11:00:00,COMPLETED,,,0.0,N.Y. POLICE DEPT,112,FELONY,INSIDE,THEFT-FRAUD,,PATROL BORO MAN NORTH,739.0,"FRAUD,UNCLASSIFIED-FELONY",RESIDENCE - APT. HOUSE,01/24/2020,,UNKNOWN,UNKNOWN,U,,45-64,BLACK,F,1000693,234939,40.81152201200007,-73.94060118099996,"(40.81152201200007, -73.94060118099996)"
430253905,61,BROOKLYN,12/13/2018,20:20:00,01/25/2020,08:00:00,COMPLETED,,,0.0,N.Y. POLICE DEPT,361,MISDEMEANOR,INSIDE,OFF. AGNST PUB ORD SENSBLTY &,,PATROL BORO BKLYN SOUTH,639.0,AGGRAVATED HARASSMENT 2,,01/27/2020,,18-24,WHITE,M,,<18,WHITE,F,1003060,152897,40.58633130800007,-73.93227952099994,"(40.58633130800007, -73.93227952099994)"
778328967,14,MANHATTAN,08/03/2018,22:27:00,,,COMPLETED,,,1.0,N.Y. TRANSIT POLICE,121,FELONY,,CRIMINAL MISCHIEF & RELATED OF,,PATROL BORO MAN SOUTH,273.0,"TAMPERING 1,CRIMINAL",TRANSIT - NYC SUBWAY,01/24/2020,34 ST.-HERALD SQ.,25-44,BLACK,M,2.0,UNKNOWN,UNKNOWN,E,987636,212439,40.74978011300004,-73.98778087399995,"(40.74978011300004, -73.98778087399995)"
177516417,45,BRONX,11/17/2018,20:00:00,11/17/2018,20:00:00,COMPLETED,,,0.0,N.Y. POLICE DEPT,126,FELONY,FRONT OF,MISCELLANEOUS PENAL LAW,,PATROL BORO BRONX,117.0,RECKLESS ENDANGERMENT 1,STREET,01/29/2020,,18-24,BLACK,M,,UNKNOWN,UNKNOWN,E,1042721,249541,40.851422014000036,-73.78864830399993,"(40.851422014000036, -73.78864830399993)"
506603813,113,QUEENS,07/01/2018,09:00:00,01/17/2020,20:00:00,COMPLETED,,,0.0,N.Y. POLICE DEPT,104,FELONY,INSIDE,RAPE,,PATROL BORO QUEENS SOUTH,157.0,RAPE 1,RESIDENCE-HOUSE,01/25/2020,,25-44,BLACK,M,,<18,BLACK,F,1046367,186986,40.67970040800003,-73.77604736799998,"(40.67970040800003, -73.77604736799998)"
176925197,14,MANHATTAN,12/24/2018,05:08:00,,,COMPLETED,,,1.0,N.Y. TRANSIT POLICE,121,FELONY,,CRIMINAL MISCHIEF & RELATED OF,,PATROL BORO MAN SOUTH,273.0,"TAMPERING 1,CRIMINAL",TRANSIT - NYC SUBWAY,01/24/2020,34 ST.-HERALD SQ.,25-44,BLACK,M,2.0,UNKNOWN,UNKNOWN,E,987636,212439,40.74978011300004,-73.98778087399995,"(40.74978011300004, -73.98778087399995)"
182570183,122,STATEN ISLAND,04/06/2018,12:00:00,01/26/2020,21:00:00,COMPLETED,,,0.0,N.Y. POLICE DEPT,578,VIOLATION,INSIDE,HARRASSMENT 2,,PATROL BORO STATEN ISLAND,638.0,"HARASSMENT,SUBD 3,4,5",RESIDENCE-HOUSE,01/27/2020,,UNKNOWN,UNKNOWN,U,,18-24,WHITE,F,953379,150857,40.58069811000007,-74.11113739399997,"(40.58069811000007, -74.11113739399997)"
601826256,75,BROOKLYN,08/01/2018,09:00:00,01/26/2020,13:00:00,COMPLETED,,,0.0,N.Y. POLICE DEPT,113,FELONY,INSIDE,FORGERY,,PATROL BORO BKLYN NORTH,729.0,"FORGERY,ETC.,UNCLASSIFIED-FELO",RESIDENCE-HOUSE,01/26/2020,,25-44,BLACK,F,,65+,BLACK,M,1018416,182525,40.667607985000075,-73.87684317899993,"(40.667607985000075, -73.87684317899993)"
631191923,14,MANHATTAN,10/25/2018,12:00:00,11/09/2018,12:00:00,COMPLETED,,,0.0,N.Y. POLICE DEPT,109,FELONY,INSIDE,GRAND LARCENY,,PATROL BORO MAN SOUTH,438.0,"LARCENY,GRAND FROM BUILDING (NON-RESIDENCE) UNATTENDED",CHAIN STORE,01/21/2020,,,,,,UNKNOWN,UNKNOWN,D,991085,213408,40.752437781000026,-73.97533193999993,"(40.752437781000026, -73.97533193999993)"
706197378,75,BROOKLYN,04/14/2018,13:00:00,11/02/2019,13:00:00,COMPLETED,BOULEVARD,334.0,2.0,N.Y. HOUSING POLICE,116,FELONY,FRONT OF,SEX CRIMES,,PATROL BORO BKLYN NORTH,596.0,OBSCENE MATERIAL - UNDER 17 YE,RESIDENCE - PUBLIC HOUSING,01/24/2020,,,,,,25-44,BLACK,F,1017141,183798,40.67110691100004,-73.88143295699997,"(40.67110691100004, -73.88143295699997)"
529543277,44,BRONX,04/01/2018,00:00:00,04/30/2018,00:00:00,COMPLETED,,,0.0,N.Y. POLICE DEPT,233,MISDEMEANOR,INSIDE,SEX CRIMES,,PATROL BORO BRONX,170.0,"SEXUAL MISCONDUCT,INTERCOURSE",RESIDENCE - APT. HOUSE,01/29/2020,,18-24,BLACK,M,,<18,BLACK,F,1006434,244344,40.83732351100008,-73.91983075699994,"(40.83732351100008, -73.91983075699994)"
766896957,108,QUEENS,11/01/2018,00:01:00,01/24/2020,18:00:00,COMPLETED,,,0.0,N.Y. POLICE DEPT,109,FELONY,INSIDE,GRAND LARCENY,,PATROL BORO QUEENS NORTH,422.0,"LARCENY,GRAND BY OPEN CREDIT CARD (NEW ACCT)",OTHER,01/24/2020,,UNKNOWN,UNKNOWN,U,,25-44,UNKNOWN,F,1005893,211134,40.74617238100007,-73.92189288599997,"(40.74617238100007, -73.92189288599997)"
715940708,20,MANHATTAN,04/04/2018,17:00:00,07/27/2018,18:00:00,COMPLETED,,,0.0,N.Y. POLICE DEPT,361,MISDEMEANOR,INSIDE,OFF. AGNST PUB ORD SENSBLTY &,,PATROL BORO MAN NORTH,639.0,AGGRAVATED HARASSMENT 2,COMMERCIAL BUILDING,01/29/2020,,25-44,BLACK,F,,18-24,BLACK,F,988854,221400,40.77437520800004,-73.98337879799993,"(40.77437520800004, -73.98337879799993)"
323469261,75,BROOKLYN,12/23/2018,20:16:00,12/23/2018,20:30:00,COMPLETED,,,0.0,N.Y. POLICE DEPT,109,FELONY,INSIDE,GRAND LARCENY,,PATROL BORO BKLYN NORTH,405.0,"LARCENY,GRAND BY THEFT OF CREDIT CARD",COMMERCIAL BUILDING,01/27/2020,,,,,,UNKNOWN,UNKNOWN,D,1019248,190177,40.68860772700003,-73.87380433399994,"(40.68860772700003, -73.87380433399994)"
348383775,73,BROOKLYN,12/01/2018,11:40:00,,,COMPLETED,,,1.0,N.Y. TRANSIT POLICE,121,FELONY,,CRIMINAL MISCHIEF & RELATED OF,,PATROL BORO BKLYN NORTH,273.0,"TAMPERING 1,CRIMINAL",TRANSIT - NYC SUBWAY,01/22/2020,ROCKAWAY AVENUE,45-64,BLACK,M,33.0,UNKNOWN,UNKNOWN,E,1008992,186404,40.67828631700007,-73.91079962899995,"(40.67828631700007, -73.91079962899995)"
119282747,67,BROOKLYN,11/01/2018,02:00:00,01/20/2020,13:30:00,COMPLETED,,,0.0,N.Y. POLICE DEPT,578,VIOLATION,INSIDE,HARRASSMENT 2,,PATROL BORO BKLYN SOUTH,638.0,"HARASSMENT,SUBD 3,4,5",RESIDENCE - APT. HOUSE,01/21/2020,,UNKNOWN,BLACK,M,,25-44,BLACK,F,997702,173148,40.64192587100007,-73.95152966099994,"(40.64192587100007, -73.95152966099994)"
311012636,61,BROOKLYN,10/04/2018,08:00:00,10/09/2018,08:00:00,COMPLETED,,,0.0,N.Y. POLICE DEPT,109,FELONY,INSIDE,GRAND LARCENY,,PATROL BORO BKLYN SOUTH,402.0,"LARCENY,GRAND BY FALSE PROMISE-NOT IN PERSON CONTACT",RESIDENCE - APT. HOUSE,01/23/2020,,,,,,65+,BLACK,F,1000327,158445,40.60156483000002,-73.94210597799997,"(40.60156483000002, -73.94210597799997)"
110005979,33,MANHATTAN,01/01/2018,09:00:00,01/24/2020,17:52:00,COMPLETED,,,0.0,N.Y. POLICE DEPT,109,FELONY,INSIDE,GRAND LARCENY,,PATROL BORO MAN NORTH,402.0,"LARCENY,GRAND BY FALSE PROMISE-NOT IN PERSON CONTACT",RESIDENCE - APT. HOUSE,01/27/2020,,UNKNOWN,UNKNOWN,U,,65+,BLACK,F,1000665,246136,40.842254636000064,-73.94067493699998,"(40.842254636000064, -73.94067493699998)"
632047529,50,BRONX,08/14/2018,00:00:00,01/21/2020,23:00:00,COMPLETED,,,0.0,N.Y. POLICE DEPT,112,FELONY,INSIDE,THEFT-FRAUD,,PATROL BORO BRONX,739.0,"FRAUD,UNCLASSIFIED-FELONY",RESIDENCE - APT. HOUSE,01/22/2020,,,,,,25-44,WHITE,F,1012039,261801,40.88522183500004,-73.89950250299995,"(40.88522183500004, -73.89950250299995)"
384419597,83,BROOKLYN,08/06/2018,00:01:00,01/05/2020,23:59:00,COMPLETED,,,0.0,N.Y. POLICE DEPT,112,FELONY,INSIDE,THEFT-FRAUD,,PATROL BORO BKLYN NORTH,739.0,"FRAUD,UNCLASSIFIED-FELONY",RESIDENCE-HOUSE,01/27/2020,,,,,,25-44,BLACK,M,1009759,190487,40.689491039000075,-73.90801892499995,"(40.689491039000075, -73.90801892499996)"
350268754,14,MANHATTAN,10/10/2018,00:01:00,01/20/2020,18:00:00,COMPLETED,,,0.0,N.Y. POLICE DEPT,109,FELONY,INSIDE,GRAND LARCENY,,PATROL BORO MAN SOUTH,407.0,"LARCENY,GRAND BY DISHONEST EMP",COMMERCIAL BUILDING,01/23/2020,,45-64,UNKNOWN,M,,UNKNOWN,UNKNOWN,D,987472,214939,40.75664204200007,-73.98837157699995,"(40.75664204200007, -73.98837157699995)"
955134197,28,MANHATTAN,11/19/2018,12:15:00,11/19/2018,13:00:00,COMPLETED,,,1.0,N.Y. TRANSIT POLICE,121,FELONY,,CRIMINAL MISCHIEF & RELATED OF,,PATROL BORO MAN NORTH,273.0,"TAMPERING 1,CRIMINAL",TRANSIT - NYC SUBWAY,01/24/2020,116 STREET,25-44,BLACK,M,3.0,UNKNOWN,UNKNOWN,E,998181,231480,40.80203233000003,-73.94968294499995,"(40.80203233000003, -73.94968294499995)"
879267519,105,QUEENS,11/01/2018,00:00:00,01/18/2020,04:15:00,COMPLETED,,,0.0,N.Y. POLICE DEPT,353,MISDEMEANOR,INSIDE,UNAUTHORIZED USE OF A VEHICLE,,PATROL BORO QUEENS SOUTH,462.0,UNAUTHORIZED USE VEHICLE 3,STREET,01/18/2020,,UNKNOWN,BLACK,M,,25-44,BLACK,F,1057767,203993,40.726293088000034,-73.73476084899994,"(40.726293088000034, -73.73476084899994)"
956922381,49,BRONX,11/13/2018,05:00:00,11/13/2018,23:00:00,COMPLETED,PELHAM PARKWAY,34132.0,2.0,N.Y. HOUSING POLICE,341,MISDEMEANOR,INSIDE,PETIT LARCENY,,PATROL BORO BRONX,339.0,"LARCENY,PETIT FROM OPEN AREAS,",RESIDENCE - PUBLIC HOUSING,01/16/2020,,,,,,45-64,BLACK,F,1022514,253529,40.86247856200004,-73.86166694699995,"(40.86247856200004, -73.86166694699995)"
311743431,121,STATEN ISLAND,01/13/2018,12:00:00,,,COMPLETED,,,0.0,N.Y. POLICE DEPT,233,MISDEMEANOR,INSIDE,SEX CRIMES,,PATROL BORO STATEN ISLAND,175.0,"SEXUAL ABUSE 3,2",RESIDENCE-HOUSE,01/13/2020,,UNKNOWN,UNKNOWN,M,,18-24,WHITE,F,942428,166536,40.62368882200008,-74.15065813299998,"(40.62368882200008, -74.15065813299998)"
442767630,28,MANHATTAN,09/30/2018,16:15:00,,,COMPLETED,,,1.0,N.Y. TRANSIT POLICE,121,FELONY,,CRIMINAL MISCHIEF & RELATED OF,,PATROL BORO MAN NORTH,273.0,"TAMPERING 1,CRIMINAL",TRANSIT - NYC SUBWAY,01/14/2020,125 STREET,,,,3.0,UNKNOWN,UNKNOWN,E,999342,233575,40.807780622000045,-73.94548472699995,"(40.807780622000045, -73.94548472699995)"
818178158,23,MANHATTAN,12/17/2018,00:01:00,12/10/2019,02:00:00,COMPLETED,,,0.0,N.Y. POLICE DEPT,109,FELONY,INSIDE,GRAND LARCENY,,PATROL BORO MAN NORTH,424.0,"LARCENY,GRAND BY CREDIT CARD ACCT COMPROMISE-EXISTING ACCT",RESIDENCE - APT. HOUSE,01/17/2020,,UNKNOWN,UNKNOWN,U,,65+,WHITE,F,1000700,227655,40.791529414000024,-73.94059373699997,"(40.79152941400002, -73.94059373699997)"
361319684,112,QUEENS,11/14/2018,08:00:00,12/31/2019,18:00:00,ATTEMPTED,,,0.0,N.Y. POLICE DEPT,340,MISDEMEANOR,INSIDE,FRAUDS,,PATROL BORO QUEENS NORTH,718.0,"FRAUD,UNCLASSIFIED-MISDEMEANOR",RESIDENCE - APT. HOUSE,01/15/2020,,UNKNOWN,UNKNOWN,U,,25-44,WHITE,M,1025687,206961,40.73464795300004,-73.85048308699999,"(40.73464795300004, -73.85048308699999)"
285139056,121,STATEN ISLAND,04/28/2018,11:07:00,10/01/2018,10:10:00,COMPLETED,,,0.0,N.Y. POLICE DEPT,340,MISDEMEANOR,INSIDE,FRAUDS,,PATROL BORO STATEN ISLAND,707.0,"IMPERSONATION 2, PUBLIC SERVAN",RESIDENCE - APT. HOUSE,01/14/2020,,,,,,UNKNOWN,UNKNOWN,M,939722,155394,40.593093173000064,-74.160332554,"(40.59309317300006, -74.160332554)"
124647549,114,QUEENS,11/23/2018,09:30:00,11/23/2018,10:00:00,COMPLETED,,,0.0,N.Y. POLICE DEPT,104,FELONY,INSIDE,RAPE,,PATROL BORO QUEENS NORTH,157.0,RAPE 1,HOMELESS SHELTER,01/20/2020,,25-44,BLACK,M,,25-44,BLACK,F,1007654,219564,40.76930608700008,-73.91550817999997,"(40.76930608700008, -73.91550817999997)"
739774135,115,QUEENS,10/01/2018,00:01:00,11/30/2019,23:59:00,COMPLETED,,,0.0,N.Y. POLICE DEPT,233,MISDEMEANOR,INSIDE,SEX CRIMES,,PATROL BORO QUEENS NORTH,170.0,"SEXUAL MISCONDUCT,INTERCOURSE",RESIDENCE-HOUSE,01/17/2020,,18-24,WHITE HISPANIC,M,,<18,WHITE HISPANIC,F,1018699,215043,40.75686097700003,-73.87565666399995,"(40.75686097700003, -73.87565666399996)"
871787704,103,QUEENS,06/15/2018,09:00:00,06/15/2018,09:05:00,COMPLETED,,,0.0,N.Y. POLICE DEPT,109,FELONY,FRONT OF,GRAND LARCENY,,PATROL BORO QUEENS SOUTH,402.0,"LARCENY,GRAND BY FALSE PROMISE-NOT IN PERSON CONTACT",RESIDENCE - APT. HOUSE,01/13/2020,,,,,,25-44,WHITE HISPANIC,F,1037336,193516,40.69768248500003,-73.80855579899995,"(40.69768248500003, -73.80855579899996)"
520899145,43,BRONX,09/01/2018,00:00:00,09/09/2018,00:00:00,COMPLETED,,,0.0,N.Y. POLICE DEPT,109,FELONY,INSIDE,GRAND LARCENY,,PATROL BORO BRONX,418.0,"LARCENY,GRAND BY ACQUIRING LOST CREDIT CARD",OTHER,01/19/2020,,,,,,25-44,WHITE HISPANIC,M,1017863,241678,40.829970011000064,-73.87854092799995,"(40.82997001100006, -73.87854092799995)"
520389661,62,BROOKLYN,01/01/2018,00:01:00,,,COMPLETED,,,0.0,N.Y. POLICE DEPT,233,MISDEMEANOR,INSIDE,SEX CRIMES,,PATROL BORO BKLYN SOUTH,175.0,"SEXUAL ABUSE 3,2",RESIDENCE - APT. HOUSE,01/14/2020,,25-44,WHITE HISPANIC,M,,<18,WHITE,F,983393,158818,40.60260317900003,-74.00308766099994,"(40.60260317900003, -74.00308766099994)"
717725721,42,BRONX,11/01/2018,12:00:00,01/15/2020,20:00:00,COMPLETED,,,0.0,N.Y. POLICE DEPT,361,MISDEMEANOR,INSIDE,OFF. AGNST PUB ORD SENSBLTY &,,PATROL BORO BRONX,639.0,AGGRAVATED HARASSMENT 2,RESIDENCE - APT. HOUSE,01/15/2020,,25-44,BLACK,F,,25-44,BLACK,F,1009174,239145,40.823046444000056,-73.90994799999999,"(40.823046444000056, -73.90994799999999)"
600721937,79,BROOKLYN,10/01/2018,00:00:00,12/31/2019,23:59:00,COMPLETED,,,0.0,N.Y. POLICE DEPT,116,FELONY,INSIDE,SEX CRIMES,,PATROL BORO BKLYN NORTH,168.0,SODOMY 1,RESIDENCE - APT. HOUSE,01/13/2020,,45-64,WHITE HISPANIC,M,,<18,WHITE HISPANIC,F,999634,190253,40.688872153000034,-73.94452903199993,"(40.688872153000034, -73.94452903199993)"
243808502,44,BRONX,04/08/2018,00:00:00,,,COMPLETED,,,0.0,N.Y. POLICE DEPT,109,FELONY,INSIDE,GRAND LARCENY,,PATROL BORO BRONX,422.0,"LARCENY,GRAND BY OPEN CREDIT CARD (NEW ACCT)",RESIDENCE - APT. HOUSE,01/16/2020,,UNKNOWN,UNKNOWN,U,,25-44,WHITE HISPANIC,F,1008846,245939,40.84169493300004,-73.91110819299999,"(40.84169493300004, -73.91110819299998)"
120593894,106,QUEENS,05/10/2018,03:47:00,,,COMPLETED,,,0.0,N.Y. POLICE DEPT,351,MISDEMEANOR,INSIDE,CRIMINAL MISCHIEF & RELATED OF,,PATROL BORO QUEENS SOUTH,259.0,"CRIMINAL MISCHIEF,UNCLASSIFIED 4",COMMERCIAL BUILDING,01/12/2020,,45-64,ASIAN / PACIFIC ISLANDER,M,,UNKNOWN,UNKNOWN,D,1031898,186190,40.677605279000026,-73.82821877999999,"(40.677605279000026, -73.82821877999999)"
620184049,88,BROOKLYN,01/01/2018,12:00:00,,,COMPLETED,,,0.0,N.Y. POLICE DEPT,233,MISDEMEANOR,INSIDE,SEX CRIMES,,PATROL BORO BKLYN NORTH,175.0,"SEXUAL ABUSE 3,2",RESIDENCE - APT. HOUSE,01/15/2020,,18-24,UNKNOWN,F,,<18,WHITE,M,995188,190691,40.69008097200003,-73.96055993199997,"(40.69008097200003, -73.96055993199997)"
594580235,1,MANHATTAN,07/26/2018,12:00:00,03/19/2019,21:00:00,COMPLETED,,,0.0,N.Y. POLICE DEPT,109,FELONY,INSIDE,GRAND LARCENY,,PATROL BORO MAN SOUTH,407.0,"LARCENY,GRAND BY DISHONEST EMP",COMMERCIAL BUILDING,01/16/2020,,45-64,BLACK,F,,UNKNOWN,UNKNOWN,D,981044,195940,40.70449443500007,-74.01156451399999,"(40.70449443500007, -74.01156451399999)"
928738742,47,BRONX,11/01/2018,15:00:00,01/01/2019,15:00:00,COMPLETED,,,0.0,N.Y. POLICE DEPT,233,MISDEMEANOR,INSIDE,SEX CRIMES,,PATROL BORO BRONX,175.0,"SEXUAL ABUSE 3,2",OTHER,01/14/2020,,,,,,18-24,BLACK HISPANIC,F,1026387,262634,40.88745131300004,-73.84760778699997,"(40.88745131300004, -73.84760778699997)"
116164828,70,BROOKLYN,10/01/2018,21:00:00,10/13/2018,21:00:00,COMPLETED,,,0.0,N.Y. POLICE DEPT,233,MISDEMEANOR,INSIDE,SEX CRIMES,,PATROL BORO BKLYN SOUTH,175.0,"SEXUAL ABUSE 3,2",RESIDENCE - APT. HOUSE,01/13/2020,,18-24,WHITE,M,,18-24,WHITE,F,991547,168934,40.63036654500007,-73.97371261299999,"(40.63036654500007, -73.97371261299998)"
626789796,46,BRONX,08/01/2018,09:00:00,01/16/2020,16:15:00,COMPLETED,,,0.0,N.Y. POLICE DEPT,578,VIOLATION,INSIDE,HARRASSMENT 2,,PATROL BORO BRONX,638.0,"HARASSMENT,SUBD 3,4,5",RESIDENCE - APT. HOUSE,01/16/2020,,25-44,BLACK HISPANIC,M,,45-64,BLACK,M,1005725,249742,40.85214118700002,-73.92237572199997,"(40.85214118700002, -73.92237572199997)"
907437801,114,QUEENS,10/10/2018,12:00:00,01/14/2020,12:00:00,COMPLETED,,,0.0,N.Y. POLICE DEPT,109,FELONY,INSIDE,GRAND LARCENY,,PATROL BORO QUEENS NORTH,412.0,"LARCENY,GRAND FROM RESIDENCE, UNATTENDED",RESIDENCE - APT. HOUSE,01/14/2020,,UNKNOWN,UNKNOWN,U,,45-64,WHITE,F,1007096,214975,40.75671192600004,-73.91753826999997,"(40.75671192600004, -73.91753826999997)"
274012006,46,BRONX,11/04/2018,00:01:00,11/04/2018,12:00:00,COMPLETED,,,0.0,N.Y. POLICE DEPT,116,FELONY,INSIDE,SEX CRIMES,,PATROL BORO BRONX,177.0,SEXUAL ABUSE,RESIDENCE - APT. HOUSE,01/10/2020,,25-44,UNKNOWN,M,,UNKNOWN,UNKNOWN,F,1011881,250411,40.85396027400003,-73.90012087499997,"(40.85396027400003, -73.90012087499997)"
765505668,14,MANHATTAN,02/03/2018,10:00:00,02/18/2018,11:00:00,COMPLETED,,,0.0,N.Y. POLICE DEPT,233,MISDEMEANOR,FRONT OF,SEX CRIMES,,PATROL BORO MAN SOUTH,175.0,"SEXUAL ABUSE 3,2",STREET,01/03/2020,,25-44,BLACK,M,,18-24,WHITE,F,985679,213954,40.75393893800003,-73.99484365499995,"(40.75393893800003, -73.99484365499995)"
425536391,49,BRONX,04/15/2018,20:24:00,01/07/2020,17:27:00,COMPLETED,,,0.0,N.Y. POLICE DEPT,365,MISDEMEANOR,INSIDE,ADMINISTRATIVE CODE,,PATROL BORO BRONX,877.0,UNLAWFUL DISCLOSURE OF AN INTIMATE IMAGE,RESIDENCE - APT. HOUSE,01/08/2020,,18-24,BLACK,M,,25-44,WHITE,F,1020415,250431,40.85398433700004,-73.86927209199997,"(40.85398433700004, -73.86927209199997)"
925865158,30,MANHATTAN,10/20/2018,00:18:00,01/01/2020,20:27:00,COMPLETED,,,0.0,N.Y. POLICE DEPT,361,MISDEMEANOR,INSIDE,OFF. AGNST PUB ORD SENSBLTY &,,PATROL BORO MAN NORTH,639.0,AGGRAVATED HARASSMENT 2,RESIDENCE - APT. HOUSE,01/06/2020,,25-44,BLACK,F,,25-44,BLACK,F,1000674,241559,40.82969207900004,-73.94065361599996,"(40.82969207900004, -73.94065361599996)"
586272888,14,MANHATTAN,11/01/2018,12:00:00,09/10/2019,12:00:00,COMPLETED,,,0.0,N.Y. POLICE DEPT,109,FELONY,INSIDE,GRAND LARCENY,,PATROL BORO MAN SOUTH,438.0,"LARCENY,GRAND FROM BUILDING (NON-RESIDENCE) UNATTENDED",MAILBOX INSIDE,01/02/2020,,,,,,UNKNOWN,UNKNOWN,D,988341,212669,40.75041110700005,-73.98523628599996,"(40.75041110700005, -73.98523628599996)"
179446531,46,BRONX,01/15/2018,07:00:00,01/09/2020,16:25:00,COMPLETED,,,0.0,N.Y. POLICE DEPT,578,VIOLATION,INSIDE,HARRASSMENT 2,,PATROL BORO BRONX,638.0,"HARASSMENT,SUBD 3,4,5",RESIDENCE - APT. HOUSE,01/09/2020,,25-44,BLACK HISPANIC,F,,25-44,WHITE HISPANIC,M,1011923,250786,40.85498940600007,-73.89996750499995,"(40.85498940600007, -73.89996750499995)"
396316388,50,BRONX,12/12/2018,10:00:00,01/07/2020,14:00:00,COMPLETED,,,0.0,N.Y. POLICE DEPT,112,FELONY,INSIDE,THEFT-FRAUD,,PATROL BORO BRONX,739.0,"FRAUD,UNCLASSIFIED-FELONY",RESIDENCE - APT. HOUSE,01/07/2020,,,,,,45-64,WHITE HISPANIC,M,1010601,269028,40.905062053000044,-73.90467458499995,"(40.905062053000044, -73.90467458499995)"
648778544,104,QUEENS,01/30/2018,20:00:00,01/03/2020,20:05:00,COMPLETED,,,0.0,N.Y. POLICE DEPT,351,MISDEMEANOR,INSIDE,CRIMINAL MISCHIEF & RELATED OF,,PATROL BORO QUEENS NORTH,259.0,"CRIMINAL MISCHIEF,UNCLASSIFIED 4",RESIDENCE - APT. HOUSE,01/03/2020,,45-64,WHITE HISPANIC,F,,45-64,WHITE HISPANIC,F,1013591,197190,40.707877328000045,-73.89417198699994,"(40.707877328000045, -73.89417198699994)"
898214092,5,MANHATTAN,08/18/2018,18:00:00,12/24/2019,18:00:00,COMPLETED,,,0.0,N.Y. POLICE DEPT,109,FELONY,FRONT OF,GRAND LARCENY,,PATROL BORO MAN SOUTH,422.0,"LARCENY,GRAND BY OPEN CREDIT CARD (NEW ACCT)",RESIDENCE - APT. HOUSE,01/10/2020,,UNKNOWN,UNKNOWN,U,,45-64,BLACK,M,986374,202540,40.72261019100006,-73.99233874299993,"(40.72261019100006, -73.99233874299993)"
732851080,7,MANHATTAN,09/01/2018,00:00:00,09/30/2018,23:59:00,COMPLETED,BARUCH,544.0,2.0,N.Y. HOUSING POLICE,233,MISDEMEANOR,INSIDE,SEX CRIMES,,PATROL BORO MAN SOUTH,170.0,"SEXUAL MISCONDUCT,INTERCOURSE",RESIDENCE - PUBLIC HOUSING,01/06/2020,,<18,BLACK,M,,<18,WHITE HISPANIC,F,988708,200317,40.71650772200008,-73.98391989899994,"(40.71650772200008, -73.98391989899994)"
600847983,70,BROOKLYN,06/13/2018,10:00:00,12/07/2019,23:00:00,COMPLETED,,,0.0,N.Y. POLICE DEPT,112,FELONY,INSIDE,THEFT-FRAUD,,PATROL BORO BKLYN SOUTH,739.0,"FRAUD,UNCLASSIFIED-FELONY",RESIDENCE-HOUSE,01/07/2020,,UNKNOWN,UNKNOWN,U,,25-44,WHITE,M,996267,171694,40.63793701400005,-73.95670300599994,"(40.63793701400005, -73.95670300599994)"
761996147,32,MANHATTAN,12/01/2018,00:00:00,12/31/2018,00:00:00,COMPLETED,,,0.0,N.Y. POLICE DEPT,116,FELONY,INSIDE,SEX CRIMES,,PATROL BORO MAN NORTH,177.0,SEXUAL ABUSE,RESIDENCE - APT. HOUSE,01/05/2020,,25-44,BLACK,M,,<18,BLACK,F,999358,236472,40.81573205300003,-73.94542041099999,"(40.81573205300003, -73.94542041099999)"
794535587,62,BROOKLYN,02/25/2018,13:00:00,12/11/2019,12:46:00,COMPLETED,,,0.0,N.Y. POLICE DEPT,109,FELONY,INSIDE,GRAND LARCENY,,PATROL BORO BKLYN SOUTH,422.0,"LARCENY,GRAND BY OPEN CREDIT CARD (NEW ACCT)",RESIDENCE-HOUSE,01/02/2020,,25-44,ASIAN / PACIFIC ISLANDER,M,,45-64,ASIAN / PACIFIC ISLANDER,M,983503,158624,40.60207069800003,-74.00269150899999,"(40.60207069800003, -74.00269150899999)"
372598633,114,QUEENS,12/24/2018,07:00:00,12/23/2019,07:00:00,COMPLETED,,,0.0,N.Y. POLICE DEPT,341,MISDEMEANOR,FRONT OF,PETIT LARCENY,,PATROL BORO QUEENS NORTH,339.0,"LARCENY,PETIT FROM OPEN AREAS,",PARKING LOT/GARAGE (PRIVATE),01/07/2020,,UNKNOWN,UNKNOWN,U,,UNKNOWN,UNKNOWN,D,1005024,213358,40.752278783000065,-73.92502219399995,"(40.752278783000065, -73.92502219399995)"
918775545,26,MANHATTAN,11/15/2018,00:01:00,12/06/2018,23:59:00,COMPLETED,,,0.0,N.Y. POLICE DEPT,109,FELONY,INSIDE,GRAND LARCENY,,PATROL BORO MAN NORTH,430.0,"LARCENY,GRAND BY BANK ACCT COMPROMISE-UNCLASSIFIED",GROCERY/BODEGA,01/07/2020,,,,,,UNKNOWN,UNKNOWN,D,995572,237915,40.819698346000045,-73.95909574899997,"(40.819698346000045, -73.95909574899997)"
976529081,79,BROOKLYN,06/01/2018,07:00:00,01/11/2020,18:00:00,COMPLETED,,,0.0,N.Y. POLICE DEPT,361,MISDEMEANOR,INSIDE,OFF. AGNST PUB ORD SENSBLTY &,,PATROL BORO BKLYN NORTH,639.0,AGGRAVATED HARASSMENT 2,RESIDENCE - APT. HOUSE,01/11/2020,,UNKNOWN,BLACK,F,,25-44,BLACK,F,997446,188937,40.68526356700004,-73.95242120999995,"(40.68526356700004, -73.95242120999995)"
287540527,13,MANHATTAN,07/27/2018,13:00:00,11/22/2019,15:00:00,COMPLETED,,,0.0,N.Y. POLICE DEPT,109,FELONY,INSIDE,GRAND LARCENY,,PATROL BORO MAN SOUTH,407.0,"LARCENY,GRAND BY DISHONEST EMP",DOCTOR/DENTIST OFFICE,01/06/2020,,25-44,WHITE HISPANIC,M,,UNKNOWN,UNKNOWN,D,987354,210668,40.74491926600007,-73.98879947199998,"(40.74491926600007, -73.98879947199998)"
668499805,46,BRONX,08/01/2018,00:00:00,09/01/2018,00:00:00,COMPLETED,,,0.0,N.Y. POLICE DEPT,116,FELONY,INSIDE,SEX CRIMES,,PATROL BORO BRONX,177.0,SEXUAL ABUSE,RESIDENCE - APT. HOUSE,01/10/2020,,UNKNOWN,UNKNOWN,M,,<18,BLACK HISPANIC,F,1011881,250411,40.85396027400003,-73.90012087499997,"(40.85396027400003, -73.90012087499997)"
951072085,40,BRONX,10/06/2018,21:00:00,10/06/2018,21:30:00,COMPLETED,,4752.0,2.0,N.Y. HOUSING POLICE,106,FELONY,FRONT OF,FELONY ASSAULT,,PATROL BORO BRONX,109.0,"ASSAULT 2,1,UNCLASSIFIED",RESIDENCE - PUBLIC HOUSING,01/04/2020,,18-24,WHITE HISPANIC,M,,18-24,WHITE HISPANIC,F,1004926,234532,40.81039601900005,-73.92531074499993,"(40.81039601900005, -73.92531074499993)"
441003109,110,QUEENS,11/24/2018,01:00:00,11/24/2018,01:00:00,COMPLETED,,,0.0,N.Y. POLICE DEPT,578,VIOLATION,INSIDE,HARRASSMENT 2,,PATROL BORO QUEENS NORTH,638.0,"HARASSMENT,SUBD 3,4,5",RESIDENCE - APT. HOUSE,01/02/2020,,UNKNOWN,WHITE HISPANIC,M,,45-64,WHITE HISPANIC,F,1017416,211616,40.74745964200008,-73.88030458999998,"(40.74745964200008, -73.88030458999998)"
586817715,47,BRONX,07/25/2018,18:30:00,01/06/2020,13:34:00,COMPLETED,,,0.0,N.Y. POLICE DEPT,112,FELONY,INSIDE,THEFT-FRAUD,,PATROL BORO BRONX,739.0,"FRAUD,UNCLASSIFIED-FELONY",RESIDENCE - APT. HOUSE,01/10/2020,,UNKNOWN,UNKNOWN,M,,18-24,BLACK,M,1021987,261300,40.88380981700004,-73.86352841999997,"(40.88380981700004, -73.86352841999997)"
174916830,13,MANHATTAN,06/01/2018,00:00:00,01/13/2020,00:00:00,COMPLETED,,,0.0,N.Y. POLICE DEPT,341,MISDEMEANOR,INSIDE,PETIT LARCENY,,PATROL BORO MAN SOUTH,338.0,"LARCENY,PETIT FROM BUILDING,UN",GYM/FITNESS FACILITY,01/03/2020,,,,,,65+,WHITE,F,984732,208134,40.73796459700003,-73.99826214699993,"(40.73796459700003, -73.99826214699993)"
846987010,106,QUEENS,12/22/2018,12:00:00,01/11/2020,15:30:00,COMPLETED,,,0.0,N.Y. POLICE DEPT,578,VIOLATION,INSIDE,HARRASSMENT 2,,PATROL BORO QUEENS SOUTH,638.0,"HARASSMENT,SUBD 3,4,5",RESIDENCE-HOUSE,01/11/2020,,25-44,ASIAN / PACIFIC ISLANDER,M,,25-44,AMERICAN INDIAN/ALASKAN NATIVE,F,1032662,188859,40.68492691900008,-73.82544520599998,"(40.68492691900008, -73.82544520599998)"
486292605,50,BRONX,06/15/2018,12:00:00,,,COMPLETED,,,0.0,N.Y. POLICE DEPT,109,FELONY,INSIDE,GRAND LARCENY,,PATROL BORO BRONX,407.0,"LARCENY,GRAND BY DISHONEST EMP",RESIDENCE - APT. HOUSE,01/10/2020,,25-44,BLACK,F,,45-64,WHITE,F,1006215,259659,40.87935913100006,-73.92057201599994,"(40.87935913100006, -73.92057201599994)"
265342033,67,BROOKLYN,07/18/2018,23:59:00,,,COMPLETED,,,0.0,N.Y. POLICE DEPT,116,FELONY,INSIDE,SEX CRIMES,,PATROL BORO BKLYN SOUTH,596.0,OBSCENE MATERIAL - UNDER 17 YE,RESIDENCE - APT. HOUSE,01/09/2020,,25-44,BLACK,M,,25-44,BLACK,F,998032,175598,40.648650085000035,-73.95033556299995,"(40.648650085000035, -73.95033556299995)"
696932774,77,BROOKLYN,12/29/2018,07:33:00,,,COMPLETED,,,1.0,N.Y. TRANSIT POLICE,121,FELONY,,CRIMINAL MISCHIEF & RELATED OF,,PATROL BORO BKLYN NORTH,273.0,"TAMPERING 1,CRIMINAL",TRANSIT - NYC SUBWAY,01/02/2020,UTICA AVE.-CROWN HEIGHTS,25-44,BLACK,M,32.0,UNKNOWN,UNKNOWN,E,1003358,182945,40.668806093000065,-73.93112156699993,"(40.66880609300006, -73.93112156699993)"
181794591,14,MANHATTAN,05/01/2018,09:00:00,09/01/2018,18:00:00,COMPLETED,,,0.0,N.Y. POLICE DEPT,233,MISDEMEANOR,FRONT OF,SEX CRIMES,,PATROL BORO MAN SOUTH,175.0,"SEXUAL ABUSE 3,2",STREET,01/04/2020,,25-44,BLACK,M,,18-24,WHITE HISPANIC,F,985679,213954,40.75393893800003,-73.99484365499995,"(40.75393893800003, -73.99484365499995)"
123075444,43,BRONX,04/18/2018,11:00:00,,,COMPLETED,,,0.0,N.Y. POLICE DEPT,578,VIOLATION,INSIDE,HARRASSMENT 2,,PATROL BORO BRONX,637.0,"HARASSMENT,SUBD 1,CIVILIAN",RESIDENCE-HOUSE,01/06/2020,,45-64,WHITE HISPANIC,M,,25-44,WHITE HISPANIC,F,1025895,242482,40.832142539000074,-73.84951236799998,"(40.832142539000074, -73.84951236799998)"
870647243,44,BRONX,12/23/2018,18:54:00,12/25/2018,09:04:00,COMPLETED,,,0.0,N.Y. POLICE DEPT,126,FELONY,INSIDE,MISCELLANEOUS PENAL LAW,,PATROL BORO BRONX,696.0,PROMOTING A SEXUAL PERFORMANCE,RESIDENCE - APT. HOUSE,01/01/2020,,25-44,WHITE HISPANIC,M,,<18,WHITE HISPANIC,M,1006434,244344,40.83732351100008,-73.91983075699994,"(40.83732351100008, -73.91983075699994)"
